-0.302940323959932,2.02810884176181,-1.02301480860897,-0.535707770116038,-0.445010111217038,0.136073135236309,0.288189191831628,0.284945694664075,0.113855660876373,-1.35408572099428,-0.426247685975224,0.907423026570459,11
-0.701253582743698,-2.62503977616996,-0.600310886379706,-1.68594855836694,-0.788243945411236,0.233984571023792,0.389349907553781,1.46353129775197,0.582256147929665,1.64974626828072,-0.826856346766959,-0.51133382105413,18
-0.302836383742334,0.080440436405667,-0.399659019183244,1.60011142783324,0.389841699143192,0.920716026433476,-0.546708540955756,0.0865595631084859,0.599028461946317,-0.289824866662967,-0.105747618288746,-0.927309533665856,16
0.556309675401186,-0.481003092437271,1.06990717916443,0.616029803125474,-1.33164551052719,0.0885256578244712,0.587857635006674,-0.745930928694276,0.634416041041961,-0.998247905448602,0.774192408018416,0.8647122646003,1
-0.611687762191156,-1.18342065314396,0.883431850787005,0.581769060421408,-0.0920990624521043,-0.443043162226008,-0.15190244044053,-0.368152469772061,-0.0183104255845918,0.331323012019797,1.08682956919998,-0.0460649424080596,1
1.16182277071547,1.12377487646434,1.04777067858619,1.86738335166706,1.10092164104897,0.540016318201175,-0.2614477690443,-0.516067855602742,-0.70009481644822,-0.0034145474560055,0.219925954803428,0.108949955193104,0
-1.50106694575494,-0.78345856301024,-0.457178829268114,1.53900296154315,-0.439524531731878,0.970232944629184,-0.998006595938906,-0.66521442560648,0.0831025263312074,-0.0463757950787055,-0.842874870082262,0.978461468099744,7
0.0272547816651947,0.24603859035311,0.484167941936942,0.697883731197375,0.564927255099258,0.155815850409098,-0.122151776201585,-0.895407419634905,-0.564662201779129,0.347605595598912,0.323350935607506,0.279565324472984,8
0.760345923368588,1.6636432761737,-0.0856558260081026,-0.56717094034528,-0.198906480683467,1.13565532837546,0.884184855531896,0.125004184411282,-0.402257781197849,0.0714253398567064,1.25220983072317,0.688954749548323,12
0.443762381220883,-0.580384812258284,0.111325702445716,-0.94195968201394,0.493534715280318,-0.262854316574109,1.37021042845794,-0.460799115651699,0.596624769735814,0.247609908346808,-0.741374499868819,0.273201667143055,8
0.746933125080383,0.785392848726227,0.408518148351994,-0.220509736134724,-0.0742480544451677,0.512409923898486,0.717840750635809,-1.16886537774508,1.06967886735539,-0.445813053852039,-0.63951702231491,-1.01981571261245,17
-0.137524914143561,-0.272084295171905,0.737725126638489,-0.157846534127252,-0.510758640535477,-0.219858829931253,-0.270534092106993,-0.205298151029244,0.371338419514797,-0.144111785051016,0.812957073255555,-0.0903535269014305,18
0.828458637354284,-0.652564287325654,0.00243343820085597,-0.254086079073828,0.23303687121779,-0.177109291136628,0.40367300536006,-0.548382084712392,-0.452135310256353,0.034092528341012,-0.0461908735402598,0.0919630686603506,17
2.07836641570051,-0.25337273242268,1.10881629459314,-1.11968309318626,-0.0759655399025217,0.574180920057625,-0.98968602317512,0.325227596753956,1.14742466821558,-0.103469059972263,0.864235677024626,-0.323183244746445,5
-0.01847165553294,-0.265308652627693,0.18882766478677,0.124898373330189,-0.185869523133538,0.294042163141049,-0.236049445876411,0.768624393915315,0.142954087117773,-0.353786797469827,-0.115191827760218,-0.389715589499031,2
-0.804399403674585,-0.693301514179653,0.47613787649535,-0.204020783062674,-0.0285968487087395,0.555255917438928,-0.0893265495831235,0.942367053758955,-0.882218981622211,0.771772802272858,0.223947606561292,0.105888675405108,18
0.629369845407116,-0.754373319058765,-0.729916511142841,-0.692018455832839,0.752654344429742,-0.337610378525099,-0.172129358674911,-0.254503497981541,0.0466222995716762,-0.808079968496014,0.156649648693765,0.185309544753851,17
-1.14180209385619,-0.672609410278414,-0.67297660554148,1.24485814263477,-0.545328916927143,-0.295501103476512,-1.32384464971523,-0.453980594600712,0.248873314982919,0.639415159714262,-0.611066649572652,1.47672843550682,9
1.22135576348475,0.323798902295793,1.72647459195195,0.78671532759506,0.561449090840247,-0.0291076978475563,-0.155239060936664,0.501512172315848,-0.809370701313885,0.61299654677325,-1.1971546736737,-1.17195623978928,16
1.25396985667782,0.4599881665595,-0.772637159550791,0.672938777003418,-0.236187475448972,0.497678956133572,1.09475836765842,0.269366935940459,-0.431841054310726,0.724206478610274,-1.01469846533776,-0.767558022675101,2
-0.202101036390367,1.62504224146952,-2.02829669894656,-1.56328110923094,-1.47610616852948,0.774382129298151,0.0227191661146222,-0.253712984585878,-0.699133756675893,-1.63434885424514,-0.57870543213173,-0.459664378633098,7
-1.6214886092945,-0.700996956198412,-1.39002752732547,0.72437632744609,1.26768065648244,-0.0068080422626715,0.720789996160725,-0.29415797079427,0.159565815001522,-0.447562314628233,-0.267191915903371,-0.411627507372172,16
-0.175418516603205,-0.154663903337304,-1.34866355599132,0.697699874562186,0.0549728550588311,0.825637651437139,1.38592862957502,-0.0594843187737828,-0.505912722379589,-0.172038709582819,0.754478745359973,0.294594802739314,15
-1.22967728888477,1.47212284053715,0.714832215423056,-0.745229308346349,0.88309003073547,-0.859869713642491,0.74093413728663,-0.871367937954967,0.357669645305853,-0.141948042990604,-0.349747923971578,-0.113632470412733,6
-1.43876298822988,1.33725972645674,-0.705032676492149,1.67379473255194,-0.644970601774331,0.386771418949237,-0.774592969448249,1.16140372657089,-0.309141139624242,0.702483914553416,0.333025730357683,0.180707978789212,5
1.08683050893643,-0.22837092108347,0.422537319782119,0.615089205686004,0.344223938970708,0.639426631220879,-1.31553857140918,-0.963914448338851,-0.198684108166499,-0.59760876194559,0.628428276392935,-0.081684433929278,17
-1.29400004923248,-0.0253577236476653,-0.711720963106919,0.781035034713827,0.168714854155682,-0.24414104302967,0.763266624151937,-0.0283867791035977,-0.492021319442738,-0.0266872209294075,0.0810028797338129,-0.869487811371727,4
0.457091070906662,-0.984346996433931,0.0033690214944121,-0.468518401219543,0.104557086207087,-1.28010099340288,0.0146482968522629,0.544184774827761,-0.307863751658507,0.873157319338386,0.219013407136187,0.221248612148749,16
0.141272618343417,-0.339179436821514,-0.39718160119854,1.72452358509887,0.568242803716394,-0.794901454978655,0.137615114501513,0.607673298977941,0.606140994414682,0.682920203557407,0.801955066275143,-0.477028525588743,20
1.40699305254121,-0.984108180409994,0.288924912867401,-0.357913074593364,0.972675722368268,-1.86585616063041,0.127989923261031,0.889007335879972,1.21538656323165,-0.759521119932533,-2.09284168834823,1.06642578425728,20
-0.1315626188392,2.43283410066127,0.60875720383239,0.465383524786599,-0.0134093347014659,-0.197782678672556,-1.26775559737099,-1.66417292962086,-0.0984885852976431,0.518335040237662,-0.719030770132344,0.953864053698011,4
-1.94550041690846,0.93544236351888,0.549696486346237,-0.0352716948204124,0.76467551232907,-0.642428446158678,-0.323729167151177,0.431965774404679,0.630089817519452,-0.394274422278606,0.889080462163035,0.119855448250684,12
0.222635353332477,1.82548184680237,-1.36000791792477,-0.281813138665161,0.395673243308762,0.244702545743047,0.701108198740032,1.28675718001555,-1.12536033984816,0.340073467696011,0.349756729359647,0.747965834681598,17
1.62450763820669,1.05811508859137,-1.15298466281249,0.201448600202293,0.700798013954845,0.373592175348515,0.980539521738898,-0.843244995525466,-2.85628852804307,0.122256032217111,0.28051643710371,-0.511008753509961,12
0.708452248252959,-1.93397411420777,-1.12808450947114,-0.141633683145845,-0.141096432223927,-0.500564106669569,0.0873421692329722,0.753039815881916,-0.169317342396926,-0.224809525670334,0.997991428583297,-1.44454538678074,16
-0.777751255781157,-0.947070349619483,0.336230957308232,0.129778544773113,0.0408090549835994,-1.42846319503209,-0.394792356481882,0.747814094039247,0.176089799467608,0.630174192962563,0.600462218518864,-0.0498690927543948,16
0.521214170165975,0.0480635037045122,1.31719503503286,2.24137826288184,0.352921878988044,-0.24089101590298,-0.831847005898959,-0.623306251638308,-0.213923871381986,-0.774037356546176,-0.210494020793445,-1.89955876010214,15
1.87822277974582,-0.0492288895243634,-1.18990890845334,0.0259285062283425,-0.79763374285082,0.323782715956181,-1.13802849528164,0.424647669299744,0.970647881381293,0.525072455352243,0.419232648806328,-0.510116620754669,12
0.181721792077533,-0.0892516732448224,0.0406515250590292,-0.749242026884917,-0.475313090373238,0.632790372745068,0.0914070203267933,0.57773598548481,0.0536764407304531,0.00150531168950581,0.608894243660484,-0.0415107870569211,12
0.374157326717854,-2.4639459813264,0.470336059691335,0.954087040348573,0.0516799083830695,-0.286329399063234,0.813023992171003,-1.3383331942176,0.723900943051561,0.923119181511782,0.519344787941633,-0.571813171079455,8
-0.171458790590304,-0.415544512132237,0.804211020892072,0.316507436366144,-0.364514455702631,-0.0363910173254713,0.696576302340674,0.749517511208174,0.0349087307859981,0.373227842687538,-0.0890307140659247,0.298037891340309,13
0.00413549501387451,0.169281266777457,0.59752398106385,-2.96031526512873,-0.0670608256271061,-0.876389299661106,-0.191146331951216,1.79232086831619,-0.236437933771139,0.286172540994133,-0.477554457696469,1.23556392874187,17
2.14264340510952,0.0707600585503498,1.15967240169286,0.604359112783438,0.23755131237327,-1.05559169982747,-0.527189964098994,-0.226455700671293,-1.17009880502567,-0.878047652477439,0.168256811862218,-1.0323408721725,2
0.409716430684653,-1.82419647170395,0.417736514987038,0.0746245850740239,-1.22763884145145,0.467829590306589,0.214573803626189,0.0122543103677559,-0.631780372121331,-0.823725271161946,-0.25170071339297,0.313744537942432,3
-0.610199395490604,0.645205373077702,1.3143001907043,-0.387944031643091,0.725044265524043,-0.0852348769472187,0.235836658400171,-0.320940888140301,0.326545334675547,-1.59657610645466,-0.955944924392186,-0.84430214461176,20
-0.276895701974362,2.13577511432629,-1.86154569679872,1.53385636118343,-0.613556558049578,0.886351030526227,-1.36886981913765,-0.317936769913642,0.687304683029508,-0.633851807860064,0.894040079856726,-0.816744117203888,3
-0.961070464992618,0.0317232544568127,1.22838361627107,-1.02338328385567,0.961665419512847,-0.987983747479684,-0.348591828302224,-0.197642683595072,-0.0125839333751258,-0.179787672017784,0.816804924658527,-0.185106503394863,5
1.56554956873378,-1.33863192966769,0.307658385680355,-0.570227616116115,0.393324444635968,-0.58272168628569,-0.205879951365798,-0.021250413007122,-0.855948289268949,-0.0346937479228509,0.545671384734421,-0.282754673538315,1
0.67774447313275,-0.341092903911893,0.385395767971053,0.926764095321643,0.028293195603644,-0.673082372369722,-0.17572342953815,1.41203292563436,0.705257736576959,0.0186495241538667,-1.22621899128743,-0.611639410766138,11
0.200383993527569,-0.488045604357144,-1.44313841341503,-1.89350766563878,-0.0587549994538893,0.78803308874074,0.561573555381362,-0.377624440938432,0.290126494121131,0.775823862433514,-0.80031315804642,-0.855230018666243,5
0.293556495145952,-1.76523960967851,2.18681061668257,-0.307432972736008,0.825192107445246,-0.816390349320892,0.776038803251453,0.661067320136241,0.582361313207828,0.520357439767379,-0.732353649173015,0.594867226844898,4
-0.689019310046931,-1.27119594175336,-0.971824572366749,0.917383210728288,-0.475547521377872,-0.270917159889358,-0.717790846796545,0.0527034044283795,-0.308592638423321,1.20477342924528,-0.0426193945192754,0.273441846995968,20
0.641281879365497,-2.06290784525589,0.757959217724999,0.888944857498362,1.2849827692765,0.328890329919924,-0.0350653619660451,-0.712985195567036,-0.80122842812013,0.371397477869461,0.790179155752322,1.35088093812255,8
1.22836686828067,0.184664099363927,-0.965926770393479,0.912406617951858,0.279761340032202,-0.952779204485799,-0.547709971794185,0.47290225291637,0.354380702729867,-0.014523513634383,0.454691531250502,-0.641809158482976,2
-0.856249778468029,-1.60150886773684,0.0557656230465678,0.49058119098544,-0.100732327535187,-0.831900028051719,0.282363316808764,0.702983522583413,-0.639290416266415,0.759256497307749,-0.440567259784735,1.15124812843137,4
-0.338039245933946,1.05196673027241,0.518607755801621,0.109506119801443,-1.04013892400215,0.232837245584075,0.222153436624178,0.325203363707826,0.0555399366534358,0.552828166508402,-0.304201452092453,-0.274051736230708,14
-2.57875746793156,-0.474965523673638,-1.47808715007201,0.235885491837449,-0.255977157677616,-0.51552027643042,0.113405438512538,0.0349177017337696,-0.83046563300768,-0.87352477610953,0.0750072337146474,0.0937462987465319,1
0.0463525463260327,-1.65506338641099,-0.132426187856063,-0.918591879568248,0.563465446283766,-1.07623905310312,-0.12633118168175,-0.848203081761216,-0.127461867131553,-0.815382247362749,0.529920939719354,-0.322334610469772,16
-0.730985868253108,-0.360430484788602,0.463738713167755,-0.251478960424843,0.672598287472704,-0.0408869162664966,-0.24457198948936,0.206644735844316,1.09301575565364,0.656527690317495,-0.184898935306058,-0.202219430199264,4
1.40931270880391,-0.11089194654879,-1.96229730654295,-0.512638668800327,0.601702958774402,0.578366895374465,0.103176639030297,0.227826318458385,1.35758225876426,0.0717724371018459,-1.13511426665278,0.0906888180688832,13
1.36024819624037,-0.234245465515549,1.23722787355324,1.27833073553632,1.1374959329408,0.0166836256703208,-0.699447198875067,-1.08296901544514,0.0350253726562085,0.592451661950473,-0.0836923889153961,-0.770869641457692,8
0.9594703633916,0.766915417314664,1.38497876218861,1.6827613203958,0.48549904815594,-0.58214862305002,-0.56801826371936,-1.1056916172514,0.659045543497188,-0.0664411887583999,0.22350055040963,0.32736606827157,0
0.998958870169512,0.361694504558836,0.993585287950908,1.03056934282687,-0.477225316611021,-0.280548577353943,-0.632968320445593,-0.158498459820077,-0.76393264445835,-0.629947323694754,-0.311874733405806,-0.644869373893456,5
0.318209325969174,-1.35566140163499,-0.176411912230106,-0.56174947572056,0.586415503038939,-0.161900775258953,0.801934260752154,0.223964361268949,-0.560428186795012,-1.35402424668285,0.022812773002823,0.31735663611297,2
-0.00775224398574759,0.728236465121872,2.3752231803972,-0.26580079295632,-1.1159038438965,0.658781039195494,-1.45631364907064,-0.198846556122003,-0.430490862640989,-0.793611258338709,-0.530387861625587,0.107801875963788,1
-1.12143736991636,1.94181667907327,-0.848220697041156,-0.731335735111964,-0.0044967083618417,-1.22056925761316,0.214097297228276,0.444932225997751,1.31533265748826,-1.39645074172874,-0.217990572953301,0.740837919499143,20
-1.35207621360158,-1.6584021090111,-1.47016014439093,1.96960305633649,0.565390275837405,0.533031190582975,-1.12675377934803,-0.11938036667475,0.512396137424396,-0.227272890833421,-0.0313742584473228,1.19800343798237,1
-0.496030149269835,0.737459740606211,0.847755731682616,-1.28500645053641,-0.993557015904652,0.784120515629968,0.111719117749794,-1.0957893186836,1.02860607946876,-0.734769054611875,-0.0308660764821869,0.164550439188466,3
-0.29034339233781,-0.0713983130333532,-1.02639723893728,-0.930339959605222,-0.38850547005275,-0.675838077656394,-0.442731306075811,-0.247314266731488,-0.348749194133669,0.454860809288888,0.555280066284994,-0.602908258718041,3
0.338000184583723,-1.00569900711616,-0.168625787202537,-0.217636163961186,0.517612287477457,-0.466204650994253,-0.647574178044313,-0.54814758783915,0.189673323582095,0.0382465393846768,-0.106395579959617,-0.403071709854853,6
-0.405082754764542,-0.706798128480009,-0.451784898663977,0.679100280928242,-0.617940559938906,0.162231103175988,0.128731786854803,1.38878390578319,0.118166361794545,0.512493822061909,1.11507546922547,-0.176344401318251,18
-0.995067284790526,1.24915236544727,0.267301318490928,-0.201680415758802,0.386001387277044,-1.06694076659652,0.251694779195531,0.0745356971025197,-0.33268988189267,-0.311949157498548,0.883673385051463,-0.328306933427137,13
-1.60397195909139,0.993817531400447,2.71758672465575,0.394450207744725,-0.875705889795739,0.0211636644647382,-0.667951722160228,-0.303714507322318,0.404680766854629,0.831581768902296,0.424306006226032,-0.10056377791727,1
0.560625699124847,1.7694665675489,0.014472082304772,0.851646747212573,-0.312620866491644,0.780915014447097,0.825696039879805,-0.576757042706708,0.0594356632889793,0.649649652677912,0.0760490526186943,0.368700204062633,3
0.934751768019987,-0.0583096990809857,0.366066636800213,-0.347547759290341,0.783884528525845,0.215510858092908,-0.299753808238425,0.495576637246336,0.464771125881252,-0.144022666778145,0.94325794320613,0.107681261992612,18
-0.718745953650847,-0.397607448394886,-0.701531384999063,2.74587766582806,0.579450442171313,-0.252498032789848,-0.681985529606392,0.231654309982656,0.660542689904815,0.612343887898533,-0.452592416782859,0.191313757181329,0
1.61603275415571,0.606509199131845,1.92648297822798,0.0523343812115691,0.532553324524682,0.223686240660316,-1.86596001873924,-0.35052842657236,-0.363877523945404,-0.994890503638227,-0.554283094082172,-0.523228036560883,18
-0.463383907311332,-0.391948480401225,-1.58735777907885,0.755700638964716,0.279327262775919,-0.0699515982103635,0.524890273591334,0.00452961999473718,-0.63466624537821,-0.439781569015185,0.431512051678009,-0.245479205199549,3
-1.03768591375694,1.63188149072689,1.64064027840984,-1.80174942856287,-0.869010736422954,0.694936211023267,0.22381978199919,-0.797156043416611,-0.0953977587419429,0.73172345513734,0.246764741141859,-1.20023014754061,2
1.18728555038196,0.517845358399127,-0.398087315174027,-1.08124583910347,0.624926006994815,-0.166732079392282,0.132454090094075,0.200142926821593,-1.5207572709368,-0.955238395015762,-0.510233703343466,0.173212504504187,17
0.510213017606229,0.707422128941043,1.45842319929826,0.890186025377947,-0.506745763372194,-0.313520721302519,-1.08042657181729,-0.653420789387776,-1.24551632605429,-0.322307726178039,0.689127157466175,-0.159777220246161,7
-0.231643113534386,-1.61140487396297,1.19933869493836,0.820078968478154,0.274058154005474,0.11511355203898,0.402077722337781,1.84284866157925,-0.956552000703705,-0.564299583352098,0.703823308090126,0.505308862352098,4
-0.578106277458193,-0.265893379939035,-0.56683952343763,-2.07906848972311,-0.348098371925507,-0.660244442732912,0.859024366524163,0.927418094397041,-0.0658475809243928,0.764633229215236,-0.545652340908681,0.698279825234766,13
-2.56516750122553,0.182749461222815,-1.31863629125614,2.23130342435193,1.32486096742234,-0.185074433331405,-0.440215431074167,0.214628304092383,-0.57464874861834,-0.971825512437787,1.19467406495357,-0.978904428317754,1
-0.841032166993755,1.64125516716149,-1.5285108659513,1.5381996932867,0.502622010351973,-0.125166910416925,0.319154970248869,-0.289557159090914,0.702108730547776,-0.231816123829259,1.17758896185628,-2.12425752434614,19
0.801499753901964,-0.572346426988161,1.65379473097883,0.75043653189387,2.21260423674301,0.983209110372182,-0.135621477577162,0.66179233987414,0.627248878376152,0.130986939033867,0.455443605349826,0.90626664619157,9
-1.20517654718495,-0.899920953547561,-0.00782919409217381,-2.13235139802842,-0.220016962562457,-0.810197228054554,1.00549793325024,0.96756425204432,0.835547762347355,-0.792537459576003,0.255846775495696,0.0686578383493652,6
-0.978692252104738,0.833395157547549,0.876940361600041,-0.542375415953303,0.452232427189359,0.140807239655595,0.012148074619054,-0.885243666044455,-0.188193362316678,0.348596639522504,-0.829134535584219,1.19249826114428,8
0.885035366479757,-2.13680650038597,-0.904935383901502,0.00308044623103162,1.84144746182329,-1.22561060247369,-0.623260897475039,-0.0308305484479156,-0.500548573978777,-1.68356285415179,-0.255817734797553,-0.198142184824911,11
1.55222138334544,0.796688276759541,1.25926850624269,-2.67053879815515,-0.369938529651622,1.17670606763404,0.589139581316961,1.37522847729025,1.09410065510052,-0.975385821277995,0.724398485167728,-0.325277234468654,15
0.108526123309295,-1.28837527968682,0.859694310338711,-0.321918850026818,0.662807064356878,1.0945508179791,-0.835481761192869,-0.500126549807128,-0.635403044643198,-0.36904872026233,0.0279616935960392,-1.26288276574049,0
-0.311011946445734,1.29707646596681,0.88408459767869,-2.20934786494964,-0.661477822922652,-0.938772220762298,1.4596450426515,-1.33510074925594,-0.352155879016405,0.577694466004317,0.0523987492305065,-0.065326551790375,15
-0.314908590023548,-0.778011007136398,0.533300951877212,1.39453910625747,0.153889455124549,-1.22293731038327,0.203917688859838,-0.417408470714916,0.380740105435773,0.122576514333187,-0.746196961113692,-0.264650614728878,17
0.824431035799408,-0.831724495809336,2.35866498794997,-0.224010571127952,-1.10961901172508,0.911053667060589,1.07108145251403,0.109921704140161,-0.538852878755243,0.0174325849731635,0.423274373735515,0.64639102666972,15
-0.878457081808374,1.06783717103154,-0.780001882297273,-0.381327164322268,-1.16377173472907,1.16500649473618,0.243000496364585,-0.798707872932092,-0.228284577017549,-0.225257598309974,-0.118617995112017,0.615867948425734,18
0.493045768037091,-0.745991199504089,0.0752783100891168,-1.00443131653338,-0.222177050454636,-0.519896443668686,0.0497926796352605,-0.23275543702401,-1.33430867557343,0.701227906748353,-1.02181985954698,-0.599917691270599,20
2.04334853142067,-1.18184408220796,-1.7815011134966,-1.50411774280441,-0.0707406047369907,0.673417208500778,-1.2279018163691,-0.526410587574853,1.22256071126541,-0.514228111362855,-0.0618051058685782,0.756354269865505,10
-0.109453901978332,0.507519582210522,-0.786431770115432,-0.468562892111521,-0.819128173218357,-0.146853790063241,0.275799499564433,-0.441596705449083,-0.37518820626394,-0.141051867835297,1.02070335393387,0.123492003638249,20
0.402564964440918,-1.22087802461132,2.43592435817877,-0.76076194423939,-0.450413681955201,-0.224430854845021,1.07069619431476,0.29986472706912,0.715650027116202,-0.546501635698229,-1.26220577083569,0.826783540075919,10
0.304954659598982,1.76926956777138,0.566504467500972,-0.592156045450298,-0.467513870194833,-0.472139042430835,-0.310448327319193,-1.76982303566963,-0.379190538666191,-0.122507254840525,-0.598240167660726,-0.338005503792071,10
-0.939637689727798,-1.62249363722513,1.05665337375994,0.461440156216382,0.0727655234839307,1.79710244319093,0.136522876643223,-0.77529125263713,-0.546366344812846,-1.36593881439941,-0.648285827656869,0.0587896205322806,9
0.828771608222958,2.47035712284635,-0.0302676200033873,0.893499003808792,-0.257442230448024,-0.200445097708034,-0.401256072606881,-0.758073332713606,-0.0381823358836373,-1.03920805287577,-0.562500503324111,-1.35899098001175,19
1.64632075934187,-1.41810586731944,-2.23364823912202,1.19193767676972,0.504333177252661,-1.17626328606049,-0.0592121114211442,-1.19707110329464,1.16160025721233,-0.319120802923902,-1.37401389244323,0.861715432045616,6
0.0708910016724517,-1.24387631465902,-0.863191513678712,1.15075554832494,-0.770867888305934,-0.871608667753161,0.12980440129754,1.13749960681012,-0.782950804078189,0.587146791357304,0.0136117409171931,-0.677234011583553,15
-0.321407015194213,0.342852847539407,1.40173026580425,1.52364194242646,-0.354746192721485,-0.929898767914002,0.442757933060277,0.483215551144163,-0.731810302050782,-0.277291113632098,0.473813406673716,0.546781970956709,19
0.896279217611457,0.48839682086929,-0.253106390992351,0.8183375816375,-0.671374985423017,-0.463219271227412,0.0112585400450852,-0.893997906529003,-0.0230747516768659,-0.735029379841976,0.234062716108743,0.355432786687914,11
-1.07570329532645,-0.115657098828337,-1.45053353832094,0.471158676828424,-0.333197067625208,0.195722838223033,0.101504096209154,0.447430048319076,0.884260877786355,-0.262244154931652,0.80544552053174,-0.0984890391675942,12
-0.390687670169053,-0.8182448675911,-0.0726332817537799,0.761317472300764,1.78517128364247,0.425054042504323,-0.0410062487214219,-0.532310012523583,-0.13519512609976,-0.52497781435145,-1.33526724002412,1.13058567594726,7
0.136034774989722,1.23090391741112,0.287807409539289,0.205984981192078,1.03775358630451,-0.910504154114911,0.525026499998245,0.204181574628575,-0.801088729480485,0.339908645110796,1.48280319784554,0.20050730681975,16
-1.91235467581423,-1.53937635185991,-1.33657885109887,0.19372035825058,0.883635413534465,0.317633499992876,0.994047017456235,0.563708522336842,1.19876996748165,0.322190371020359,0.530670500609466,-1.04248102052216,20
0.504619909600971,-0.163607432606679,0.976206963779853,-0.00656651989678295,0.914184473400867,0.301299782830095,-0.124811349788736,0.50940681653396,-0.583199988906122,0.470883513105575,-0.887333763879479,0.422145164155059,18
0.406177976298824,-0.415244574465247,-0.876916488471565,0.12261665406291,-0.25447366804462,0.700519587680206,0.631351185722059,0.352304753589984,-0.121352074351595,0.0608528238068937,-0.533648349856893,-0.167192269038716,18
0.0462684669665072,-0.387421855115133,0.782565409560559,-1.08653269216839,-0.433673781241432,0.166959742942682,0.833409858113503,0.250539811882296,-0.211074390595833,0.986078456270188,-0.231974658746279,0.209922683739954,7
1.45988085323364,-1.16056024584376,-0.716424965300084,-1.92868777119229,-0.742095324783997,-1.3147705253787,0.731806710461097,-1.01469775899946,0.190004127814981,1.35226473352825,-0.765426962152927,0.670893484948987,18
0.141884469138719,0.980686259101334,0.929886077249856,1.05952368849191,0.0967057248257314,-0.170501867178407,-0.585124024726115,0.16392914576079,0.5482481205048,0.157786626967179,0.0354067521538975,1.32653695386544,12
1.64016048788628,1.24223763185485,-1.12871642890051,-1.16357505788845,-0.358481774160692,-0.742365508099117,-0.673840705237026,-0.91727120361914,-0.111283455788336,-0.510949960513514,-0.22850762573276,-0.0976029805280458,6
0.861908272074662,0.199675675884497,-0.750487146353343,1.11371447789533,0.874270892135645,-0.943424384374947,-0.878285909742009,-0.326979934190262,-0.748923181842836,0.609162858295755,0.398164232691794,0.221510286605374,18
-0.00137145939573702,-2.10399061157287,2.04399560814253,-0.128678229720502,-0.273751458641586,-0.913973042292668,1.40983017932404,0.338108108799043,-0.471023235196192,-0.757896226733854,-0.89275701321048,0.462289457631494,2
1.09289493189829,1.12094985109228,2.13037596564651,1.90910051635414,0.782445646222069,0.833130236594704,0.167022007489747,-0.157895793557221,0.541365726267143,0.558678622613651,-1.26479746906792,-1.32399553341295,13
1.11285521645731,0.953342287250606,1.55206883636386,-0.118131927627005,-0.650638106589596,-0.582973599259895,0.582715684981149,0.126292541840692,0.0135065689578278,-0.893762631956032,-1.55346442204537,-0.167006036382044,8
-0.507030740580132,-0.0230263146332799,-2.50314683221775,-0.40646105314032,-1.08557353898086,-0.0213115802441657,0.677842326817712,0.386873753959119,-0.825997816746836,0.010928230049338,0.389244640615962,0.21336434608235,12
0.0872300442093384,0.698438305163714,1.20394184772973,0.449175250542819,-0.253557253924487,0.721615784811727,-0.598169155960193,-0.783326541834001,-0.277558872381243,-0.531749623599823,-0.106319937760219,0.227310881522018,4
-0.874614700032704,-1.01620771406598,-0.843815503970549,1.04775188616837,-0.828455366569059,0.311584662186954,0.086894654742755,1.15665123348213,-0.173645258423249,0.659496139393232,0.0553634980810632,0.565365315698733,7
-2.26972485463874,0.970448926264248,-1.64415586500598,0.465386588914566,-0.970981787889155,0.0246801821572878,-0.472920338896698,-0.691019074124455,-1.39439430145146,0.127127835678419,1.00128381059023,-0.587773877349514,7
-0.759876658020152,0.0050447871916503,0.257108128541198,-2.03504774573019,0.305834405697074,0.602014580620405,-0.129561441025654,-0.24665150816762,-0.930781261228541,1.03464725561839,-0.0404057285689665,-0.0534103464984195,5
-2.23841646819525,-0.818611292128663,0.47011133392034,1.16000390329516,0.651355163069651,0.224906742974101,0.925415402289198,-0.200845622024437,0.317653270237214,-0.0190690421148215,-1.32845330582091,-1.41104454232468,18
0.0801728896847469,0.643185047159224,1.24579164020394,-1.27920800046669,1.49525155773787,-0.341719007774538,0.61138434052573,-0.0128261946220699,1.27904950358748,-0.179109943125603,0.746598326485397,0.993267785453609,13
2.57649157121189,-0.228550235391044,0.814134577672278,0.702813447771531,0.493534928742915,-0.354411616975896,-0.862440537344756,0.318813848795599,0.356762173183783,0.746308777476256,-1.96425611060023,0.492186887570103,14
-0.680398769078565,1.08087416146223,1.15165168543695,-0.741359412368574,-0.396100987061536,1.11503032088876,-1.45459999615771,0.145003182042339,-0.957039155753994,0.136007836614976,-0.714833647152042,0.25267728184612,12
0.383587668520573,-1.77977063355563,1.85006511844381,0.114442589604614,-1.18577481674521,0.585035435046953,0.370512678857935,-0.809800131084812,-1.3917318405783,-0.711622186647608,-0.449743902663266,0.537219579330698,17
0.0778688526361437,-0.235045549825777,-0.778905432379996,1.72596807792814,-0.059169073769175,0.458897671011425,-0.210976385110506,1.0750666679249,-0.467657077402864,0.348659093508527,0.401499118808767,-0.521818290993224,20
-0.120471350732344,-0.21520953019399,-0.406165210507156,-1.11768962931906,-0.180563835279425,-0.108178507852256,-0.47651596188927,0.141610885135208,0.295500978675716,-0.874681310043849,-0.284419114809921,0.260783673929889,3
1.41938622196393,-0.136649896255801,1.57710358409471,0.943220423171315,-1.00169381646744,-0.299450687131655,0.965791131498927,0.280731698723458,0.000762038416132235,-0.0553164694229151,-0.0718673047393061,0.709912617008903,14
-0.303290254199903,-0.626122566233069,-0.41568361391471,0.197782652791017,0.174199680748223,-0.800379032011243,-0.18944146643905,0.859851409971204,0.401824903293545,-0.961238119640391,-0.237181551192103,-0.386867339220893,2
-0.850973867800423,1.60545460826595,-0.773281750325478,-0.247715577188994,0.516597395784596,1.04106468623449,-0.34237873884454,0.778849069083618,-0.744708244759212,0.189332650985662,0.591043255011761,-0.264474786603883,20
-1.5983071484031,-0.427981009404307,0.382556461747612,1.12499454348765,-0.404108525634993,-0.0576021332297076,0.638081089141813,-0.253486219532697,0.719010958454308,1.13260383482598,-0.763215226987746,0.146777519222234,11
0.847601449807282,-0.509797237797283,-1.25886964494377,-0.563158295062309,-0.133383550077663,-0.503789533427955,-0.0234078908370651,0.0440703800397309,-0.66632128670897,-0.545486720157035,-0.438744194351936,0.51563018707862,6
-0.593821112485562,-1.22149513952225,0.0923085391210155,-0.0224292927874414,0.32786829786753,-0.711454726820182,-0.692612728684667,-0.121302136530519,0.655122338723477,0.468360969564145,-0.286437372425728,0.365692963647604,14
0.225650358216138,0.164734045150964,0.0306705747139404,-0.366063171915691,0.463795275826388,0.00753985879815351,0.29190321940785,-0.460400252992595,0.0561161660643434,-0.501245855356102,-0.041486852275794,-0.255794435603159,18
-1.18274696407747,-0.105961436299093,-1.60955933656539,-0.523179453124823,1.78396289657731,-0.105513996180922,0.231296408386391,0.751025055745477,0.264014531814777,0.684967583218587,0.138267765701578,0.501860432575887,10
0.131436201607456,1.40174428810433,0.00417371325861624,0.273787453963647,-0.297683062446945,-0.672151505370155,-0.255517150868814,-0.475474185146604,-0.0414233802372439,-0.57131351566792,0.393626990717013,0.415963101041697,0
-1.53337068910006,-0.634477286517099,-0.471917713627766,-0.320040912711021,0.176282910940264,-0.566435855350771,0.303130126428838,-0.928552727910573,-0.289193432231931,0.380060030361616,-1.1862321810442,-0.92660379965264,8
0.576477361090363,-1.27754239427736,0.80524928813018,0.0352171092847336,0.428628773429076,-0.211646104244457,-0.701762292543601,-0.561488953009989,0.494596254941582,-0.351983707275548,-0.0345732003796513,-0.880813979540927,4
2.09462575742807,-0.413670926921034,0.451910613360774,0.868902831693403,0.409661115249053,0.235050183523653,-0.909021300378867,0.770377025188718,0.043226807969803,0.0986530621084528,-1.66618795302593,-0.366506110962876,2
1.72746586721708,-0.975033646917185,0.224967279900965,-1.05799883911845,1.16682937614511,-0.0863127015963449,0.188737018657139,0.314447979749601,-0.747966178802576,0.401036433520213,0.252964749539339,-0.885577885319543,7
1.44988856067644,0.90048323154897,-0.569656407840393,0.435586871393331,0.540380470600294,0.817112698313642,0.753119505341696,-0.495313189406155,0.522929682159474,0.488131459307444,0.0776234227834906,0.3497026078238,19
-0.675443505670731,-0.0807549732961917,-0.529637411972206,-0.375865175337762,-0.0404020115395811,0.0536722375351188,-0.110674832439982,0.130315522404245,0.906775582083297,0.295160462806499,-0.0145693096815296,-0.0327026777291677,19
-0.405340442655315,1.1323876333893,-0.425788325650845,-0.0197639867577049,1.17735171726804,0.185803041929674,-0.522701918018527,0.590898819883482,0.0912931254176896,0.958126614521432,-0.508129736103328,0.0772234347579257,8
-0.0130172362276841,-0.988299147723941,-0.742967032390173,-1.14713146407215,0.671718735446823,0.579194645058103,0.398599973982048,0.396506985358729,-0.259241415462575,-0.064702095948032,0.223538671891182,1.15153948589764,13
0.914977571348681,-0.191101022147022,0.660647394900804,-0.849448322211426,0.874211224961374,0.0692121993457938,0.754103461212805,0.501858529418928,-0.118922586347732,0.422533057949187,1.18290670157209,-0.148980410063704,10
0.0565493688725705,1.45553892779697,-0.854317200714077,-0.546281255575367,-0.427410561534788,-0.644714870677329,0.188630065382311,0.828976164710679,0.589899386580258,-0.57779915141763,0.158328061195599,0.130848288087612,17
-0.0420425646192073,1.000661224035,-1.09747101720125,-1.67797486867595,0.292752981433273,-0.99252288784022,-0.147484225725183,-0.743152892385115,0.59693421420953,-0.234100594331964,-1.10709768672079,-1.23031069335584,15
0.213937639506947,0.161101443923722,1.11217835996039,1.42481991448281,0.725870952925179,0.454440530062557,0.687559741814072,0.851061148695689,-0.475849617838431,-0.291319212167976,-0.0567343182165268,0.460055292888001,16
0.253401829129785,0.603060959925702,1.520883292877,-0.986343689560713,-0.091414774445821,0.388284273675089,0.554125630709516,-0.503618861518676,0.316173838430022,-0.659251516353269,-0.736367559265919,-0.266417566898751,7
0.703580278649881,-1.70082108375425,-1.27188905319704,0.314309644710699,1.14645150882575,-0.582272935007523,0.0688600416224482,-0.829537713303336,-0.0545015619344344,-1.06986917767504,-0.419007113547459,-0.42510083954992,8
-0.375399959722037,0.00234046874791655,0.648387206095461,0.320729277193072,0.454841852453607,-0.561881895864797,-0.71806205799069,0.203764363985641,-1.11799311914532,0.261341388565288,0.370537718353946,-0.568121534974654,18
-0.123352389961732,1.99709222784733,0.244887811096016,1.5409578197995,-0.381288292342076,-0.588050383651056,0.332669014454438,-0.222831731138344,0.133286468649574,0.113550595144654,0.293973442932567,-1.86397149337673,19
0.264689675690106,-1.59863592495597,1.28716763676613,-0.989305296622193,-1.18147504765585,-1.07131245724837,0.711787025815884,-0.992220467733959,0.37650646544037,-0.938501961728835,-0.504611700182212,-0.565672418235981,14
0.839537408858437,1.87953817394227,-0.451521590181017,0.859481191550014,-0.360819830351722,-0.879952960180196,0.571008424237462,1.78318559878034,0.289224345123718,-0.153468029056472,-0.632478744242765,0.266312288354203,19
0.26327613269048,-0.128832166438688,0.435276743418436,0.197425777795017,-0.515877820607678,-0.880885785545218,0.830008474571338,-0.210503476205833,0.406636526974261,-0.248478923843516,0.247731704836054,0.699063617769668,8
1.43695534173174,0.335755350274624,-0.934666378642588,-0.326027506984728,1.2427001138987,-0.625694177171526,-0.276161474942204,-1.06257078948947,0.573109938155818,-0.676032725553381,-0.0496252264365513,-0.764572171943802,7
1.40892917135826,0.712309293575788,-1.08386520993018,-0.501184537366079,1.51554805618294,0.0555210536539801,-0.0741841788687936,0.390623507064388,0.402859263490311,-0.311963910826895,-0.207806034705394,-0.78902469418502,14
0.367526790225594,0.0832150409273844,0.242955615783692,0.764444590584928,0.133717863452665,1.24462794731846,0.0186721945291565,1.05061837399147,0.232723765858788,-0.539568601050933,-0.293868004412434,1.63567902340303,10
-0.434435262908031,-1.16258017569155,-1.49506491928458,-0.681898345883602,1.01367378198704,0.20477629733391,-1.57823132263895,0.143121703702888,1.09230389709589,0.290660423727434,0.585929699244935,1.04668469268071,5
-1.87728881416777,0.181102286200308,0.9975700768011,-2.22548296052211,-1.29448499407135,0.100277739934389,0.45280104759959,0.448870204868229,-0.12671609647844,-0.576034903936996,-0.202821354908023,1.57819930502991,7
0.969754002533295,0.63015380682361,-0.10333295822405,0.427242496890836,0.768564616694905,1.67585514748661,-1.57472817190698,-1.60344646801747,-0.360414690863061,-0.834179275095876,-0.468836449406922,0.154188976286229,8
-0.0495055058233617,-0.00797533709343334,-0.236246457809638,2.23462233981064,0.439562649451059,-0.279349277358955,0.403335986456369,-0.0300199577329789,0.215861242808285,0.973380802214776,-0.871533462350438,-1.2895957561473,10
0.802666474361996,0.20484526685229,-0.521819044612984,0.673589395826097,0.117417419052049,0.385057642719742,-1.22846691062975,0.0121240662817104,0.402985839304089,-0.0507779017487265,-0.623256209792688,-0.760575772621089,13
-0.303138410424607,-1.21758538857185,-0.772664273266684,-1.18712151875936,1.16445932648863,1.96630525675253,0.368510921960124,-0.319537271901384,-0.215265567584618,-0.078923288608536,0.90950037575176,0.557405024620135,4
-0.647308068003871,1.62400590220977,0.282493986411795,0.811328601076953,0.4490088375311,0.475114116971867,-0.897697431948456,-2.17404151773497,1.10617410459112,0.498414187416655,-0.25674340173293,1.03716601508204,11
-1.58743277874976,-0.186325997301214,0.234265021921468,-1.35061154625663,-0.995988924997486,-0.410799412607934,-0.0755167175895429,0.803496862303034,-0.0393532134084347,-0.677846627724306,-1.19488114082143,-0.369124530130589,6
0.50090115333748,-0.49505814891194,-0.444971151203224,0.436704224316306,-0.171779416344509,-0.452007247925259,0.0719664389294122,-0.918838799002903,1.74402109442294,-0.774580935829482,-0.361228576050304,0.161022291278653,0
-0.00794272024158915,0.755940802078002,-0.718296736001076,0.641379392854627,-0.631975811695761,-0.461961032101447,0.286177095680826,-0.0355126974693572,1.20601121968513,0.182154308252319,0.694464806483246,-0.157271554703626,6
-0.0661957668178677,0.51011798975766,-0.131143511435323,1.97195028141371,0.0693290401849619,0.0191788074241841,-0.946768371961724,0.930096749790487,-0.855061360167113,-0.0944921939958621,0.0605784523896327,-1.79976380919988,18
-1.84283234089225,1.25896027190464,-1.89154865086672,0.473768353396698,-0.0564696572880689,-0.402386407487126,-0.295038614225584,0.171262128847299,-0.428303956361089,-0.423227312187305,-2.2536960112875,1.46704704287681,15
-1.31019996828265,1.31252187940643,-0.715118045868066,3.47517699654647,0.779278338840858,0.753810020354409,1.87053240871568,-1.2266048975026,1.07090505398348,0.338939772219432,0.862915538478221,-1.3463428012577,4
-0.483416493032613,0.239483621145547,0.0709536848025777,1.46437062600036,-0.14739216200335,-1.41923652351634,0.130052007662608,0.917219450514297,-0.0427211033799464,0.0250200659347671,0.268628684142572,0.2386259353001,16
1.80948834595466,0.136046741886952,0.235130036270846,-1.85625713894994,0.580527396450131,-1.04841758686362,0.79212106688479,2.02383779461814,0.581774309726755,-1.01071744079887,1.07839561144513,-0.248521857986485,11
-2.33176251119942,-1.35783610690613,1.80175778294639,-0.368238816915722,-1.29130673556783,-0.724910879847844,-0.0721515220101638,-0.436243664883444,-0.32506244784305,-0.675040407196139,0.941244565157233,-0.30789169408012,4
-0.213376034981306,-0.325367922121805,1.11142423931841,-1.64458610900517,0.749131346223166,0.676501083154292,0.765834045131577,0.73010963854602,0.40650645727631,1.7314802744617,-0.597065930684117,0.606912236263533,7
-2.50562315089614,-1.55730163095966,-1.50061873699203,-1.61314621587917,-1.25391947495108,0.443277983822341,2.05613643557563,1.16757119732834,-0.61741918519508,-0.173179322530469,0.77984089503482,0.225956579949457,1
-0.081578890251684,-0.583295451017433,-1.74204775179422,1.84377392366403,-0.480340828776156,1.51440277515148,-0.667355398425556,0.645844540570999,0.487838179220855,-0.215839000753588,-0.866688614720404,0.203599670030883,18
-1.35533457623292,-0.294669121684762,-0.391060103281287,-0.908550254027115,0.190783893793379,0.420415427547139,0.4466148928432,-0.635933306669741,0.725949103308521,-0.0457075341373186,0.660115690336623,0.5723155115215,8
0.0143226270290795,0.252131760632799,-1.13787611891885,-0.661028574640202,0.427761597828874,0.71754951954784,-0.397360806754359,0.353662418295281,0.223951897868708,-0.327804158186964,0.924851533046945,0.1907793475219,11
-0.644585597398438,1.49189872755287,0.227851514433824,0.238214692822669,0.499318624470849,0.526931892217307,0.433728615905559,-0.635361569881996,-0.896879269416342,0.820500168652016,-0.317818561398695,0.284548640828122,1
0.739747991442909,0.00718392933014672,0.197152216885638,-0.742065402005352,-0.955972506631948,0.528046964876698,1.41482820118239,0.443486642156232,-1.06054061770675,0.649029044076443,-0.10663708404059,-0.172448512679788,2
1.60234145894637,0.165289422343207,-0.291802511974772,-0.530140426450177,0.0759168360684459,0.846789066364609,-0.64416976219773,-0.068291740538834,0.76110778237298,0.050228091605349,0.0575106603587467,0.750066849299152,5
-0.201505003297539,0.28985380264788,0.863300393597331,1.15847665829563,0.578415745729483,-0.891591465194981,-1.00316029979117,-1.05071150808078,0.0507672442523622,0.70122750758422,1.64099010150818,-0.177704333521184,3
-4.4153674564136,0.139149560944945,0.0885215994813195,1.10200776373017,-1.08817988019976,1.28967188863249,-2.77289571410901,0.563044348106833,-1.18429194343922,1.10058277662647,-2.11958135696082,-0.874039289610406,2
-1.17794585058987,0.485417382873001,-1.60226886015739,1.70415932524753,0.932752501495516,-1.38076630021668,-1.06759981164092,-0.147686210772937,0.912904673156027,-0.278691249497271,-0.662834575343699,0.302620549498706,8
-0.884714912709642,-1.52130662195624,1.8950150310369,-1.02596492320297,-0.61088380173283,-0.222528546789246,0.971522017030168,0.425602626261293,0.323939297161164,0.236982137590061,0.675650511301811,-0.458465310376034,0
2.08738329563233,0.40170922147846,-1.04008759817902,0.635909737594815,1.03338402097275,0.00261314913182056,0.0819406810017,-0.686294052102257,-1.37884930769332,0.480627365072378,0.442661802435616,0.108145822357078,12
0.0178260659919277,0.256436332035298,-0.900885822193022,1.77589211566737,-0.243653702775392,-1.63851836950432,0.359025077910776,1.51390241279347,-1.51007138294486,-0.107911259562227,-0.499414593655692,-0.401558717008871,6
-1.41443426102894,0.35152211917726,0.705272146163313,-0.098823128868909,0.223157026623603,-0.0400342182251546,-0.262023684714828,0.16079746199684,-1.1482652541036,0.0516978156506242,-0.275706698519041,0.142619844605631,20
0.798541375528182,-1.30686727598397,1.06854112284941,-0.00869085980514372,0.430582154468392,-1.10242524124438,0.0326947056493192,0.475118054131705,0.443121379645386,1.15953065659267,0.441794940848534,0.596444657927087,3
-0.741721997816247,-0.24537356088154,-0.464164740158152,0.514915383413412,0.4066740689165,-0.2057482616301,0.338014713909548,-0.848815696842637,-0.698478821782122,0.165244932967599,-0.336515176956921,-0.0450048462763498,11
-1.14715916423761,0.298767762199321,1.89176413336018,0.918455517279452,0.223481264178777,0.144648579776543,-0.205865908498045,-0.703554537588868,0.658333825359133,0.0249929670418018,-1.41459928529023,-0.48313598708351,18
0.643558562684523,-0.954449263476778,0.840405881401988,-0.112920861443843,-0.898147555728822,0.515899338400751,-1.33349644445233,-0.0513332063632629,-1.01817991733786,0.392301542422903,0.308279876305121,-0.205434180657992,9
-0.826619198616105,0.749447748586452,-0.964036906277717,-0.514778591760737,-0.493464526883975,0.447882478777445,-0.425345049723675,-0.111886004119554,-0.207826079745794,0.330689515822495,-1.13306292175138,-0.845345541022892,1
-0.545007889871618,-0.151933453707757,0.102962575578966,1.26280935067975,-0.0704630528151031,0.762293260947868,-0.572240616362087,-0.19520561012857,0.877000508676007,-1.16124132873036,0.37774552238218,-0.291895702757591,14
1.43363841362109,0.323544965697435,2.00722930624341,-1.4074489426634,0.159475642859271,-0.916679577917984,0.0560756567105886,-0.394115920147288,-1.03363815628522,0.536915518050795,-1.54262005025429,0.166364657451074,14
0.831578709153349,0.264648293803944,0.796759999343189,0.500761645543135,-0.410707818091467,0.18383098077628,-0.412765831299402,0.370717068387635,1.1394343958684,0.256246759481328,-0.0258929275564892,-0.32165831278781,20
-1.78684405184689,0.698775388141262,-0.243835265364654,0.923213034995122,-1.1640362039079,0.734271661263996,-1.1672361745969,0.305519372289311,-0.333888344255631,0.600168536089245,-0.0176706121865811,0.932036456744246,10
-1.51635019621742,0.0903398321447605,0.700226542033852,-0.299757499498866,-0.508927716722644,0.239619325408514,-1.13267345275495,0.124328166243505,-0.448038377996086,-0.228296254363366,1.148691871851,-0.541179908025399,20
-3.12349158656589,1.63449307373239,-1.12427661223856,-0.133507691705606,-1.26530193908922,-0.027708060691801,1.05119931096059,-1.55106150610559,0.163747489951678,-0.516462411248718,-0.300395411969436,0.988756198523754,5
-1.11889577189116,0.135835166524947,-1.35424841810028,0.0424445159933152,-0.428771031747943,-0.295677187181414,0.463593977494267,-0.124431093419607,-0.80244469320446,-0.451251555808985,0.459678896052423,0.19775285685195,3
1.79209581865961,-0.0239084888217996,-0.00469982887681313,3.25489628170509,-0.133175432773763,-1.23006096399783,1.22174845957697,-0.917499653106715,1.22293946903018,0.799276886002836,-0.165023645061375,0.968083027154869,5
0.00334627278576286,-0.334129625416193,0.173174879889178,0.359960400673677,-0.595432009616864,0.250257463614966,0.488729570784029,-0.368148380305533,0.170909394200994,-0.00998485168418611,-0.326164484433716,-0.580648820588413,17
-0.721296588085013,-1.7012928201407,-1.20540381978143,0.146683329630158,1.06460607269539,0.753296638395106,-0.319061763951365,-0.300045983674394,0.0327700626775191,0.0820809237309201,-0.367292473372043,1.43755364427805,18
0.263174142916936,0.967523973901919,-0.0302124422309394,-0.434934706250182,0.282094556345129,-0.885527261894642,-0.185851108033138,-0.610181420584907,0.329586120109696,0.00095703006153071,-0.162592680727096,1.26474465281961,4
-0.837568451940068,-1.14786404477928,-0.0666498252438424,-0.022597574705106,-0.702732906059589,-0.845063378396362,-0.319882652194089,0.116209746998034,0.33309028122157,-0.305704098112232,-0.292449534577837,-1.38759713886853,10
-0.0935185941612879,0.161843724498259,0.367162672259081,0.906569452990023,0.709599255703506,0.582803942182611,-0.60874359430433,-0.268593957580367,0.883551530767164,0.547068339565013,-0.572066659553218,0.242108122316289,6
-0.375225273908085,2.00857378335408,-0.22338405921069,0.145536771391628,0.0108615335267277,-0.130334054798824,0.385874647166193,-0.139366179578638,0.529392875029427,1.64520069948224,0.170877607903923,0.168903182183209,5
-1.05173812333418,0.00822526405902818,-0.782891438579048,0.479350251157838,0.15608650439741,-0.892447675358676,-0.284877918269778,0.385106976645717,-1.0740421146112,0.738213489853237,-0.283794974776111,-0.371538939503809,16
0.217399299917526,0.225001334512227,0.505787592467972,0.253988390240469,-0.898785746136763,-0.287305714804836,-0.8342713619541,0.200682578701269,1.00566412148223,0.341101577888328,-1.2953995035699,0.302428684062106,5
1.06489774037476,-0.537359706168232,1.59402996221798,-1.65511324329573,-0.219298455597282,0.381776397807957,0.0050259805288925,0.532403418191023,-1.82902634152669,1.03604178576406,-0.609576940747384,1.28238252530393,19
2.22108188281514,0.429617088140244,0.768316401114288,0.155104203440471,-0.93738657990404,0.0264449910779572,0.0582230294921236,0.777337477943474,0.895925514442545,-0.56158979609828,1.11049406152207,0.571725440794586,17
0.0630220954320252,1.76694591784966,0.409428118283345,0.390450277534344,0.314984341176673,-0.435432362426011,-0.478640119923159,-0.57948110789953,0.00431318389238482,-0.957540982195429,0.186400680325745,0.683719490588092,15
-0.8653677271724,-0.856095890282818,-1.02371096544116,-0.0943532632106287,-0.0348765362882973,-0.512402721245686,0.117498920488866,-0.10143129836151,-0.185353344611949,-0.331237011849925,-1.05108259815911,-0.190916521327246,14
0.60288196035821,0.120262507573389,2.01768099368063,1.92931349059384,-0.593418618842608,-0.0479996533019688,-1.48544743995794,-0.982710620600478,-0.292590497392474,-0.757008330106181,-0.386175701932487,-0.271922659600355,6
0.264956240550129,-0.495010151610251,-0.888148502651297,0.19934901580538,-0.928018834961171,0.123589543548184,-0.171002225798016,0.241797584095915,0.517743158750072,-0.369835665860598,-0.0208750137790598,0.489847124650493,14
-0.0305081541489281,1.21509674325987,-0.0839964830615918,-1.08698943114272,-0.66742296619986,-0.201137798360878,0.417764367391823,0.842346519736665,0.49637176259828,-0.839293712329844,0.652254123666001,0.289736693772844,20
0.659942006387378,-1.46679269254935,0.0621621982852411,-0.993907543385411,-0.35800621932558,0.681973564245244,0.708132767605446,0.380171553006451,1.05957898248619,0.229404595421141,-0.0719667566435738,0.898025764689179,16
-0.46693702957645,0.802690210815913,-1.04444579488772,-0.184926706727408,0.851588364490814,-0.144695010627259,-0.301059101574041,-0.141783932183185,-0.187746793799259,-0.791215696815807,-0.65135715225306,-1.08382198401274,6
-1.18909742586787,-1.42545207308969,1.12062367993228,0.340254013172126,-0.234591163894016,0.305202312904733,0.347245728507123,0.115600921204716,1.28670337814948,1.21213774390084,-0.0824256129298536,1.04774705069794,11
-0.676743515872324,-0.494495083939374,-0.350317958039767,-0.017659701032122,0.504458128062481,0.891090310640301,-0.421479319009009,0.272332019225752,0.235506422166185,0.802972275078558,0.463178850215534,-0.27677423727699,5
-0.75849784911535,1.0518654994566,0.91955374758239,-1.43421488884295,0.985031832959841,-0.0208756062577948,0.0341861039730482,-1.43765690146455,-1.40442181738379,0.136248433405998,-0.817847009282425,-0.196513801399033,8
0.301392827846442,-0.806058685684157,-1.96330180000578,-0.446640796890178,0.397837465491236,0.558322304352341,-0.936870220860969,1.20215404587303,-0.456378885743971,-1.25657452976133,0.766889829694548,-0.248111651322155,8
1.32367868927027,1.60157239512473,-0.0453634879173088,-0.451632458327601,-0.518755926053693,-1.02647184227599,-0.425133288244105,0.0446366853485717,-1.17550524058723,-0.680006774872926,-0.9526491601195,-0.848900740106413,5
2.11070032574321,-2.11700148419788,1.116421572728,0.517845452520994,-0.939358583485495,1.13661546659345,0.700920081098654,-0.148302623369509,-1.5074957968987,0.901932588159976,0.334520971916967,0.743412944448895,10
0.032061362070284,0.628862650867027,0.19490730838768,-1.3230424215134,-0.471778164584982,0.353150789229164,0.557440741999436,0.527671392561896,-0.281326357836715,0.00698983602284596,0.333642670184465,-0.71373837234085,12
-0.713304519707573,-0.04709369423467,0.117675643764733,0.125994094366047,-0.0321885392240125,0.203943054811344,0.503695000337659,0.201233879367857,0.418881002471748,0.379235891564096,-0.255261114366339,0.696509825118618,1
-0.089219624318048,-1.46339199224917,1.57041860361663,-1.19141429381802,0.690270292425505,0.103761846980362,-0.328241150387595,1.95660773681511,0.203402514596714,0.39473228284653,-0.789127810360547,0.153120422542719,10
0.921666337778251,-0.236184488631166,0.00128447756882019,-0.0206616520618049,0.408073145757288,0.15677988588707,-0.54897237868334,0.0291657026452278,0.645214374195296,-0.586550828789058,-1.60467473021259,-0.278118332939549,6
-0.707234959629761,-1.28166607842318,-1.65937086346527,-0.230185709091447,-1.00122001335248,-0.0126422443464864,0.678241704442779,0.357638817837793,-0.799345956638892,0.448774622386685,0.187388297566127,0.0829667356387807,2
0.408147015495944,-0.516171741429716,-1.51908913845285,0.810059545410029,0.550063829043822,-0.1262799128246,-0.54217704021317,-0.279991061153021,0.179808796675715,0.0739198672432656,-0.331370424737148,0.914294234615644,8
0.270457155246739,1.95180189558623,2.56415464058029,1.34544335572961,0.365259833837011,-0.0357479068062461,-1.84123713350998,0.652797677823989,-0.089941890148723,0.17455259012497,1.4493084677414,2.29447276952635,11
-0.389123909187976,1.55758516911939,1.23918114319254,-0.307427894798808,0.831604155266244,-0.2029150384148,-0.42177478308066,-0.0124306493841526,-1.14136064546853,-0.472242261896516,0.3467326661622,-0.529242752990854,3
0.822256924550206,-0.674954849418722,1.59114024616608,0.0770200926846833,-0.275617733825631,0.33984665815706,-0.115424266864593,0.22017408876557,0.897102062834598,0.380536328952569,1.28681915597107,-0.239249005326909,5
0.431513823353265,-0.972232687771214,0.111671537433341,-1.36075787649164,0.0425398107846013,0.034828055132626,0.410671791628391,0.887783884164335,0.52484727667762,-1.05493408548687,-0.0405185612148938,0.492112627263905,5
0.261464252653665,0.105523166151335,1.10690171800361,-0.797369585872621,-0.824380684250655,-0.155912353775175,0.140590386088942,0.49787740441655,0.103490220256676,0.927278697119679,-0.467859360013131,-0.0350316212025953,13
-0.478197711323919,0.919281723090908,-0.564797338984006,1.31161011021927,0.265838759325922,0.00889739698608478,0.535604305122882,1.30243399036682,1.05488795194075,-0.335841925795524,-0.330417757725411,0.309063368070173,8
-1.16170011835963,0.958450200875884,-2.14243010706281,0.11842535682727,-0.746192478015561,-0.222837948951997,-1.1988074677626,0.798857694606262,-0.182189917733255,0.549230845936396,0.297115153906671,-0.473526441669003,1
-0.0848918587857226,0.0274105372637221,0.985429246393791,-0.806861076717979,0.0920303767425764,-0.811881228075252,-1.45683674953906,-0.212383677644187,0.546813545140157,1.1881434648596,-0.273076656912569,0.174202792300831,6
-0.438144399717294,0.299934448334668,0.0936405663162367,1.44067152640962,0.242502780798166,0.0694348525888109,-0.335055361320912,0.642831597458643,-0.00366592053155038,0.69235896595319,-0.232774367685386,0.0796163972788915,0
-0.569814360078041,0.150597057978863,0.441450394092038,-1.03553406995666,-0.622710520263025,-1.53481052782322,-0.0674769072228345,0.592328581993223,0.30986744277052,-0.883974522086864,-0.356850636838878,-0.52755024229299,6
-0.552319869653928,-0.448361521078472,0.523068753415094,1.38971821260185,0.0541450665723674,-0.590188202871593,0.82692186427691,0.78128175343372,-1.20010085638632,-1.26230622812896,-0.551963935852111,-1.68943653286732,8
-0.698056062634353,1.30994790239376,-1.06060300202011,1.80030787373753,-0.489918190181266,0.0555761097090784,-1.2317065981322,0.632669234241311,0.255402104406433,0.889788807171753,1.10373766119753,-1.27796894261252,5
-0.124497934195605,0.0626518672454205,-0.31229945735619,-1.0631390955451,0.580768072547456,-0.72047435216282,0.621302157009349,0.313067861324427,0.575504387029892,-0.167155790465467,0.326609788087949,0.684448730559008,3
-0.688577034328062,1.71777280481655,0.567284692244821,-1.48513527116871,-0.0291691625783223,-0.454891060188176,0.0106559724014344,0.222809806896554,0.315111470024095,0.736640140833998,-1.06972633137269,1.36252623006089,18
1.23600956805199,0.8810279144119,1.5144302678165,1.44968310998263,-1.44279684179857,-1.02142801498264,-0.283298399268582,-0.712357332715477,0.0666526051155014,-0.296924546367796,0.226247177347642,-0.186869644541929,6
-0.796195467259239,-1.50896603305002,-0.111629149323758,1.4846136787755,-0.597447587461613,-0.0429586701503159,-0.112101698576371,0.0428335369702723,-0.3213010602104,0.829305088922692,-0.578530876738381,-1.06048440906913,10
-0.136035567287388,-0.437242377695467,-0.415838348876552,-0.438007584355329,-0.186602876859119,-0.760161430278401,-0.98909794330821,0.0224237242817581,0.263901354550584,-0.43281934760981,0.0718303604780942,-0.455585220646629,7
-0.332703550844244,0.460626334707559,-1.07814371784741,0.0932566084605866,-0.818051181690672,0.223261876877718,-0.711624919633684,-0.0773632255233868,0.16280938285497,-0.137623505471859,0.268110152042051,0.0435656875454952,16
0.242372082893818,-0.332244357835861,-0.186842032109396,0.111104076977401,-0.503691525559796,0.160567329783259,0.540784065204399,-0.675426537738739,-0.149182331939373,-0.263410200865385,-0.17335263133301,0.57668724749029,9
-0.622641987505583,1.92927127426177,1.71659680524377,-0.244721460472654,0.99979818132916,-0.844174512767521,-0.413324065226706,0.0614650106928982,0.64514343163421,-0.942535117527818,0.227028183901879,0.561493949058032,0
0.654271918245338,-0.413102245397641,-0.524789531592478,-1.24906500473049,0.336450047009879,-0.350415584453824,-0.115093183153246,-0.792109576813862,-0.697465720150415,0.303148568354484,0.276250943685626,0.890165111296752,20
2.86509451921114,0.568595833477229,0.356218215433749,0.654592800710211,-1.11465277292263,-0.960727449328023,-0.390045098495499,0.263792407316753,2.26293653578569,-0.329860602937417,1.21513722273186,-0.0655560702502357,20
0.770886241444587,-0.501809931582839,-0.0493992569758412,-0.541144062238459,-0.025532164780858,0.335208867481888,-0.325126215709452,-0.0280926602588043,-0.460626757824678,0.15803740031794,-0.574746510299343,0.356729109580625,7
0.780988033842293,1.42087189511901,-0.0225405966423687,0.611986743770665,-0.254361976644034,-1.48001798768396,0.498829576762472,-0.342468965434601,0.682374625028938,0.323313487964505,-0.346821886440682,0.0414029048366258,9
-0.60023044809836,-0.992879662862491,1.67634511388024,-0.0106832117986784,-0.0496564799300247,-0.360749032944301,-0.0947021104503754,0.154753121845195,0.480657092385459,-0.372969122080439,-0.459213991951925,0.0116297482693601,0
-0.483190163172241,-0.170716076212251,-1.73543771702117,0.424146765174356,-0.861158388521192,-0.296549728995816,1.27103015969662,-0.0425713948773569,-0.326618009921644,0.019814759249521,0.427135845393744,-0.374110744948921,1
0.712772644137127,0.108047747922916,-1.17989160582557,-0.80203300316021,-0.432100652362841,-1.34041699766118,-0.00174749492206333,0.817681598835848,-0.536863966238649,-0.720189356063646,-0.977465839143615,0.267411274921131,15
0.149983923596325,-0.864401787417212,-1.53089816709974,1.41513703664328,-0.920568165162074,0.95749364300861,-0.0876197599066823,0.590059423743264,0.121517195580924,-0.401451220159697,0.951562815031056,0.146420643446302,15
-1.07253774700281,-0.00878587689445576,0.408548295954712,-0.789030772899893,0.226437254070823,0.278379347925875,0.564599427522158,-0.690723362554444,-1.02725023323376,-0.0140058486252152,0.0403218006452901,0.0908290142368242,6
0.858072053173391,-0.58981553214524,-0.207436338505491,0.095509992709184,0.564224712104591,-0.908154723427251,-0.384602336949918,-0.37554365799047,0.568888753602637,-0.00366421311033197,0.115698928164577,0.243752050183353,15
1.84397583318542,-0.00754194658425521,-0.267666467615901,-0.0357463760986926,0.0618529152150541,0.264740107776226,-0.849383936869916,0.165324454108079,1.39689855910858,-0.0911127220439766,0.127208172967701,0.145813325978124,8
0.185817770829355,-0.485841651461045,0.573200926034416,1.24398170605621,-0.384485083236914,-0.652329546096796,0.200766309542297,-0.0325189981974665,0.613491301429822,0.453099859195714,-0.0575679560802779,-0.407498974824076,17
0.902572235319139,-0.681374023756548,-0.950875342763475,-1.28557519529629,-0.455208586814667,-0.543405019812478,-0.243861454340406,-0.223978028673011,-0.434437528881069,-0.780128109980371,1.23497233010463,0.391323956247726,0
-0.27732800499554,0.968361628923563,-0.942462686015797,0.314451232917888,-0.141417937882443,-0.235173288435756,0.891795335041226,-0.0758558736976256,-0.194288957874131,1.15250472916636,-0.748637879620774,0.689330476999095,8
-1.55926883752351,2.54202891958275,0.937212017391914,-1.22946884775861,1.1077088710454,-0.410629859748081,0.785495489211365,-1.62756654515166,0.911686000435555,-1.06438029756713,1.44108959059596,-1.35502276914866,20
-0.0144361908382777,-0.217869737635262,0.116634626268314,0.913959466899839,-0.359682823685894,0.649211749495765,-0.266540541756326,-0.845514906276436,-0.16510824055358,0.00064771480427092,0.380190280905511,-0.095130941016318,18
-0.893171176614738,1.52706803665409,0.593571853787271,0.740023810975249,-0.187230935366689,0.108560978193613,-0.489206070077983,1.70867717819565,0.501278050248818,0.0243135690778355,1.04377122028446,-0.482422172896642,14
-0.45269176215976,-1.08077241260487,0.388886084042593,2.08462061393411,0.467377162348744,-0.062057943397603,-0.372840659338365,-1.30632178934914,0.355972937210252,0.84777767677661,-0.49934374661106,0.732652577696786,11
-0.148958501949313,1.5552857142722,-0.0165258341870032,-1.62048121496319,0.477792679341595,-0.179327229999963,-1.0227212601141,0.138326134883257,0.294318487969117,0.0283628485298207,-0.399743676614764,-1.55593269245033,4
0.610960486651407,-1.26204607443802,-1.02833901382547,1.00877222918956,-1.42193752953047,1.60540607973412,-0.741037300557312,-0.39420170137896,-0.424926442171769,-0.216838214206646,0.295850704994491,-0.0127523248485039,19
1.14719161590006,0.614776757392537,-0.223756774265192,-0.0552148801279233,-1.98042219702327,-0.700502533162887,-0.926034489708525,-0.262446424423312,-1.62052734976485,0.363875283538512,-1.00415995186074,0.798678163312188,16
0.354038290318923,1.68114181439123,0.462137523279529,0.65801065817339,-0.189746807822225,0.167545468226501,-0.171625176766041,0.14945785052363,0.0329585394335978,0.395401885268022,0.931127553597721,0.814398730605842,8
-0.0184252727338052,0.19143256712071,-0.227776770056024,-1.45275553477822,0.698428287284107,-0.674999733102441,0.197214421299003,0.0807845485554416,0.218903422622645,-0.955276044202048,-1.21193393896499,-0.336346178863323,6
0.261597263783201,-0.556636371246929,0.964737733807778,0.848701608153887,-0.573676211364967,0.133742486937407,0.459220780867118,1.45120430084991,0.459657041314637,-0.0985822207097622,-0.035966672396008,0.0254466939744495,6
0.0798332925122045,0.553832243306649,0.766508808167754,2.09326212602669,0.0972670580863706,-0.645349550969825,-0.570370702953809,-0.570433770866626,-0.293994108091912,1.98161976533066,0.835620830494742,-0.161102231261201,14
-1.53943685970621,0.485226194153605,0.151862775731074,-0.59129985326976,-0.233149800210865,0.816376764300282,-1.39820802063314,1.5546814099398,-0.185302651311033,-0.37040548043362,-1.30358934810358,-0.182703794759215,14
1.65049871401855,-0.741101688276815,-0.570960146172192,-0.452246870330561,-0.374482461225733,-0.352637901318438,-0.86421136913378,0.111887573061606,-0.719457101445521,0.0836663049899682,-1.08101690488609,0.537840841621061,17
0.451039139665488,0.491063669184201,0.598931885094091,0.339924820387733,0.842607727885323,0.325213092179323,-0.307625031058345,-0.852030373718884,0.535328605850316,0.660167058709615,-0.113041264554936,-0.0976229472402477,16
0.568207806791276,0.169178864880493,0.131025216224643,-0.86728287554747,0.253123935127151,0.430470763680909,-0.135652061546041,-0.105996545123437,0.790927492896379,-0.551349318844183,-0.150565368716812,0.283022409326449,11
1.78966800367833,-0.340131537577439,0.805525021071379,-1.58643702636083,-0.198905260774725,0.475743693376615,1.32902014461617,-0.593671248921467,0.459384519163702,-0.735733446946624,-0.804306895997844,-0.442308162962577,16
0.0229342577078143,0.672128043876898,0.508122159789362,0.432040238496494,0.0923450775428543,0.455275358325272,0.485253281286718,0.786347255187348,-0.121207128699199,-0.0174067294096534,0.40776946427083,0.330582455851733,19
0.314576013092682,-0.927537630081419,2.48291972722499,1.08407752255763,0.247025232073254,0.302606269749063,-1.03282745986913,-0.158689702797329,-0.989666115541293,-0.0410758507508477,-1.30814500566787,-1.15150614854246,17
-0.862277859112795,-0.97451224800802,-0.121177539264578,1.41584024226356,-0.000255795718427861,-0.996055797408627,-0.601756703871834,1.33221905063074,0.00966305028452031,0.566805394839566,0.705986968288429,1.23301416098799,13
1.80250192699086,-1.66919502896749,-0.784650301360755,-1.83772097206897,-0.338284057425236,0.806165611602689,-0.0027134319909874,0.690389200268999,1.39506065246999,-0.46582111185029,0.698624139078426,-1.27685033375498,10
-0.869824028067124,-0.0396629445606643,0.6008843310364,-0.731301129920745,-0.18359210542843,0.331484072463086,-0.397189117461897,-0.0797253564970639,-1.25788210406977,0.317044854596101,-0.226019635182143,-0.148996093421093,19
-0.453772000601771,0.359418265450945,-1.12332149368423,-1.75218625245548,-0.483691859942434,-0.215203630619885,0.330984642704614,0.140604022905565,-0.0811838414380912,-1.28521822373841,-0.483135418525403,-0.860714134406652,10
-1.35524287424796,-0.72225774394555,-0.246673856205241,-1.35876943993356,0.0772965226222552,-0.952634165394363,-0.847095923062944,-0.530808089407309,0.192645535291869,0.929971852867613,0.548438086095249,0.613069968726479,17
0.498403410346541,-1.15083553228022,1.74174252624189,-0.878086887357368,0.748444624980903,-0.101827990872249,0.946003588530203,-1.62098665661305,0.943218109340337,1.03967519948372,-0.0662954483403058,-0.939523711031946,16
0.380771188670381,0.92785758505757,1.33492703328785,-0.62650603750866,0.654945130869473,1.34713429179476,0.500650264827017,-0.498258278041603,0.117915964701513,-0.673861671160383,-0.448089388735973,0.994514564991711,15
-0.906199948415745,0.271979856447553,0.914538003904638,0.739889034454748,0.604276005643109,0.338554801749108,0.162790375589392,-0.107270404947025,0.0967213831542351,-0.944627190992422,0.665286200346608,0.00760262151909373,3
-0.309866172625082,2.43606991535139,-0.298670463454677,-0.514474330157084,0.486569475626789,0.686420754755354,0.626744311650899,-1.53629670220485,0.666149828088745,0.661165750047563,1.18572948842093,-0.623494224337685,18
-0.933072751908046,1.1387968582962,-0.7811998672081,1.61591312663696,0.24774446753907,0.42746856230932,-0.683771419415588,0.68945732835228,-0.124471412132458,1.09244792205943,-0.616988604943331,0.710107309839351,2
0.402654715413351,0.242767962364899,-0.873172537047119,-0.794010793162465,-0.11648096764375,-0.920471599470089,1.03533793899516,0.568387415724371,-0.752996508622357,-0.268644900542385,0.948345783474427,-0.100410711931662,14
0.832040636489829,0.520322610096449,0.67676307158567,-0.415214333905278,-0.465072535552516,-0.0755981008380503,0.585141640937061,0.0963679230284172,-0.287741731501394,0.648319278439905,0.366314624620384,-0.461161141452473,11
-0.638931405295354,1.16103201616564,-0.318291242395133,0.98293759685697,-1.06169867401951,0.220547503930123,-1.45540840765321,0.633971793855473,-1.12496927186735,-0.820996695779243,0.856382950973602,-0.0801299294090213,9
0.717286908603929,-1.23608114630429,-1.12908353362915,-1.33721758751929,-0.380317164270709,0.353451237185732,0.735122018796015,1.628750829239,0.265036038681118,0.438116536950492,1.02642212419224,-0.280759219392355,20
0.519967793396048,0.216640476589473,0.904683829743314,0.0954789334665925,-0.729670830430745,-0.100190176758571,0.215995180922015,-0.801120791956273,-0.199783122795194,-0.295154152173205,-0.189360303156037,-0.327554879909151,8
-0.132722248456086,0.790109589209128,1.2855427393699,-0.667196565904557,-0.0813026608141839,-0.0726007200513938,-0.409386712639943,0.405241329866154,0.161576239610567,0.615258867477529,-1.07172792423972,0.587835948007585,9
0.918365140089303,-0.392596798252784,1.11095228822012,1.44916340871667,-0.110662642796243,0.538863224379727,0.580032166149954,0.0956946421442229,0.758766911568075,0.733478812683452,-0.28662534974931,2.01988112596941,14
-0.262501802581352,0.402153488465265,0.291816376647604,0.465264304547561,0.0269455421533504,0.624941333710671,-0.306426531794132,0.401752786938586,-0.11471362415396,0.0652301151972802,0.316817729402511,-1.13775934413863,0
1.43849621850246,-0.714953437717393,-0.597241737414456,0.666372791318302,0.200293805809229,0.0760278137395619,0.695250670644487,0.237182297069774,0.163902515494185,-1.70362954538183,-0.942564685024619,-0.885846391028458,11
-0.938297904513039,1.03448485415958,-0.610670407650354,-0.746143591909576,0.257606777815708,-0.428911610451136,-0.107383718832562,-0.919106066466333,-0.257236866408401,0.352267495723057,0.76705353263595,0.0460339568363318,19
-0.543317442548602,0.826343405111069,0.152740195165074,-0.0228203513652215,0.673579649492326,-0.555643304762167,0.12710080269872,0.179931454323587,0.95339476567033,1.00221084463887,0.730080858667127,1.50482031985018,13
-0.32663572635932,0.309152194281311,-0.0505004895433085,-1.2219465676182,0.756281292048306,-0.474067535521018,-1.39432374943221,-0.129126079160961,1.47001170835361,0.795050813967593,1.39840031615371,-0.213059937432752,5
-0.315267057958604,1.14486079393287,2.04036685172183,-0.407613488772096,0.536744100969665,-0.807524166439581,1.0674375643676,-0.395341788099006,-0.133795502185786,-0.385835606878413,0.830662221889332,0.172316134088854,5
2.14417292904292,-0.181663043821226,-0.228132221562614,0.378666591047554,1.4362530255912,0.461962054305959,-0.488893460691821,0.864557377692772,-1.19409615087478,-0.402737388175721,0.213975537578077,0.324914796456152,17
0.791529855363817,1.12416637789432,1.57906602168091,-0.536651604574049,-1.094427451285,-0.808265824175142,-0.0899974101995095,1.95679921501437,-0.687642341222592,-0.955169113360072,0.255657451142096,-0.48898765719879,3
-1.08964941364851,0.666857092804213,1.01211280405782,1.54792554098194,0.83990963937817,0.85543154572081,-0.164912669162283,0.0756079412332757,1.33323142690974,0.827693387848715,-0.88220103487923,0.72064021946717,20
0.386123314240513,1.50807763510133,-0.807693654018821,1.32403235483642,0.781036637436086,0.24649083634189,-1.31496501501636,1.34323393594751,0.980274162221833,0.647679260991441,0.0563091826026517,0.0775098252414492,19
-1.52372795337351,-0.845215534522211,-0.470823011557801,1.18952308518595,0.186157088446421,-0.184309068958127,0.205143915386737,0.393217786520897,-1.02701124162428,-0.321660057526886,0.238120025465306,0.168135015336192,3
0.478632683468791,0.265159042025756,3.03207129483462,0.272719555602196,-0.0648981425723444,0.192499136816902,0.94363558840586,0.729476526182281,1.36826687326122,-0.0820944993027936,-0.801028344979421,-0.714614147033339,4
1.21767434204148,0.155587715194346,-0.331705698471375,-1.22490370437711,-0.555269638771597,0.17318429736803,-0.148777663270444,-0.645168640065571,1.1408905514404,0.300564555134492,-0.15861987537785,0.604488370461147,13
0.515838574298507,-0.264934355883601,0.398244262687893,1.02368286496166,-0.656513268355519,-0.308576695103104,0.0958821196006973,-0.0325699408105074,0.232990593414122,-0.871167184147149,0.0363287642265715,-0.266577187689526,20
3.03483686432198,0.886589352635299,0.851930653305748,1.0050306371778,1.33470020626558,-0.36075853479,0.188722452604147,0.334094805996994,0.637203881081764,0.812601609133627,2.10475798895399,0.508413250089054,18
0.422385624306983,-0.59596662319814,-0.267983845911706,2.33614692341733,0.327608139169639,-0.302817096347042,0.163939147670644,-1.13247164041539,0.0592211420575099,0.63588875000719,-0.196881011104939,0.539799757688974,4
-0.599716291678143,0.575738033781512,-0.0216168742614163,-1.09833663245004,-0.292403825451827,0.419173247254041,-0.870275447770897,-1.08716156303523,0.552178833319266,0.591332871202708,-0.0775592436624542,-0.688091197327259,10
-0.369427323547604,-2.25551903265146,-0.19700120803765,2.02093713331852,-0.148702017561389,-0.0557004188419266,0.247219257652521,-1.19699510942341,-0.497246822399536,-1.45171243496089,-0.564607616502812,-0.01104941158881,6
1.29747097980902,-2.16619258286571,-0.0348906099691514,-1.38442269608298,-0.0253263261788399,-1.55781974590154,1.04267553339545,0.298011880599951,0.10925889384188,0.787624786171821,0.840620357061624,-0.707500693316368,11
0.345943022712007,1.0152853021507,0.143979275274235,1.35331401238079,0.875117000005596,0.384827195572711,0.710821549110209,0.733989320058247,0.511990117590327,0.864904907681918,0.303763214696476,-0.669035708284221,15
0.334033133836666,-1.99136133941043,0.625943425808997,-1.94618260371026,-0.61106934460153,-0.716058035916073,0.337486294356686,-0.474195816856472,0.658531344254933,-0.437011180481711,1.64513103235076,-1.646150470158,3
-0.166088048889751,-1.17383840940997,-0.0056075410101276,-0.548655515934672,0.0447929387047034,-0.388643535520825,0.126594877347115,0.86820966591273,0.297981710140778,-0.217090927312607,0.240117268466346,-0.761792239364083,19
1.97493790726197,0.315651129996943,0.860962540977759,-1.30535858747013,-1.56291987597681,-0.497553839716262,-0.234986420981275,1.30638175745697,-0.560466161312026,0.667402304668446,1.35887150498927,0.247987963764403,10
0.749902120840112,-0.19035016633811,0.606027067393202,-0.00586521334294704,-0.423262960014149,-0.717352861825462,-0.321381579413876,-0.4908381374055,0.0809217427510974,-0.809977363632427,-0.628513259445326,0.114023692945251,4
-0.334460251224218,-0.93575203091833,-0.728235186788538,1.33643974378191,-0.0716639243313851,-1.09634321686703,-0.190083582603644,0.492638538849036,-0.922273004982118,0.439041125781885,-0.0166798094147268,0.0505505555409403,7
1.76715298334558,-0.406189596245635,0.258847609327454,0.0615028835179544,-1.16008408715884,-0.438541973834776,-0.0191356196821939,-0.662856873226372,1.18886807902566,0.223126653992126,0.172633832468995,-0.837975751248522,18
-0.39404164421669,0.249310305164395,-0.176082573494842,1.08706969902541,-0.40926134475776,0.91536304862282,0.0842511209764811,0.031924593368288,0.610795392327052,-0.706393479711759,-0.418542341711896,1.30074031602813,18
-1.51851764908082,0.195960747121316,-0.201127753455728,-0.573536142704414,0.520369006655936,0.345213150820357,0.106142048622143,0.442190560773898,0.703538221877297,-0.984625400611392,0.717039968965614,0.208425516092119,0
0.516319510411501,2.78052534503575,-0.425982706403785,-1.38234770420437,0.0929607222943776,-0.387912981671396,-0.194872455658585,1.28818715213254,0.819300012096825,0.595112557542319,0.522153378867138,-0.383717362843251,2
-1.04540156336796,1.10662955747048,2.01833582067491,-0.355762483417194,1.70104107626406,-0.523111386002565,0.251875253963795,-0.0891190274123278,-1.03158860483878,-0.306186561902205,-0.355793624051547,0.566879580110878,17
-0.19426473839192,0.692391775129782,0.536011040859445,-1.04762752775628,-1.11976461675609,-0.38724932770815,0.794016751156205,-0.586560790696556,-0.402468448519768,-0.511217406969306,-1.78712653424831,0.00594419426374282,10
-0.430687189300622,1.25437715050736,1.82231836980637,-1.0569852506121,-0.0487492048952432,0.246907060149569,1.49253606185959,-1.15522893520114,1.12451879312225,-0.194488456082661,0.485070699042962,-0.116633871011363,6
-1.26611360515828,-1.70462049984423,0.559453999748729,-0.689706886347068,0.443460372835729,0.89638948666165,-1.56840537444907,-0.930330816939136,0.17195362123767,0.0641849158576842,-0.0260063848253395,-0.908794566780556,18
-0.562725367473264,1.10255652484558,0.016058612013126,0.224048475345451,-0.246918865571166,0.743761605342682,0.259478471567376,-0.979211433183133,-0.0418203547489323,0.853819959526647,0.25907528324118,0.0332943139532958,11
-0.391590752034261,0.146732387894729,0.250454582891923,-0.72058102714206,-0.151849072503386,0.703535751130227,0.268901484737179,0.0380515742779894,0.358480578432939,-1.05686000331217,0.460689929179313,-0.580985067976857,14
-0.782061487401762,0.570368156280816,-0.620143054477076,0.988795447549421,0.185344927568313,1.22847395827864,0.48453474035436,-0.193654031925278,-0.357110948257458,0.563772119814782,1.05677468760973,0.11683281783355,15
0.354597740904134,-0.00994566131426236,0.361494373698923,-0.323462834102537,-0.141736346075364,0.271782137967669,0.112786619211812,-0.241323103222822,0.341987712295706,-0.329463762227633,0.291482334164586,0.0128921503662415,11
0.827022622981473,-1.19247290133747,-0.214188512950763,0.694249910873343,0.42560568267032,-0.146176460602805,-0.0377426160379796,-1.06925080767689,-0.966775461350637,-0.0848050446403336,-0.627341891062977,-0.677079350075227,3
0.501844780922449,-0.520623421758717,-0.834324552197098,1.8784913596696,0.469978174989708,0.263381669142314,0.0920428821459746,-0.895658327044488,1.10729560299103,-0.0265050411714672,0.73789649746332,0.166424603915738,0
0.779432713776931,-1.36944161175888,0.860490605884529,0.695789996449608,0.436521489395479,-1.75224791862333,0.317595399183304,-0.429563627058001,-0.0679122063548165,-0.0747342494352574,-1.1908457807567,0.158468223955866,13
0.496579931997064,-0.0131204656416746,0.110786405390669,0.043185623919629,0.0216344038868678,0.0426207969853093,-0.486416579515948,-0.566317205409932,-0.0253686732294923,0.557961008714218,0.0952548015295473,0.168858723674887,14
0.131057833503249,-2.08365138885143,0.893275886237401,-0.372686842303406,0.0811436058675005,-0.372131544949781,0.0962678591902996,-0.862127152508255,0.530391465682746,-0.843530179533565,0.682006315023344,0.900163094787581,17
-1.10261187741588,0.644157690568923,-1.13685982564319,0.0036795560710764,0.177093582330233,0.787453827889622,0.317449083849107,-0.156891781490469,0.241786676294769,-0.604450385622507,-0.252270153451552,-0.886426893435965,3
-1.19028129252558,-1.58497403215355,-1.24565907830423,-0.352875238142149,-0.740662857823898,0.7074938475469,0.212202549853708,-0.153551477046191,-0.113535503024172,0.989183979434376,0.601954970199211,1.91687467439221,9
1.2847612255172,-0.203225355178144,0.832655918301743,2.2064686111988,-0.705871938169046,-0.411102961932719,-0.10159483987907,0.83999023024336,0.218407435638339,-0.991214074093744,-0.125681573763813,-0.172987888597932,9
-0.929623422365123,0.59491278892011,-0.00685260450149405,0.698813746923768,-0.264790617961819,0.0319556508814398,0.964159554958369,-0.800436364650155,0.731449930594565,0.219701750086476,-0.465695168038861,0.0491578281258745,2
-1.44534791401375,-1.08175780291739,-1.08829833094515,-0.395292413619667,-0.253797188687996,-0.0806576281924448,-1.56076078713124,-1.11504555632742,-1.05397462291675,0.320496840087956,1.37942575871024,0.278266877497467,19
1.51915523412016,-0.455320641441508,3.30686558781096,-0.962845129295064,-1.54266938916692,-0.705529834470485,-0.636081372067938,-1.10257680689593,1.59416117113317,0.202070001687412,-1.75471903692041,1.09236166788095,14
-0.556166474655093,-0.410212240329773,-0.369564410379241,0.432119404253154,1.14406385138209,-0.792282337719761,0.308053672561639,-0.525008570956805,-0.695711805507972,1.38981504052852,-0.231165488056335,-0.14198760145102,1
-0.288837290199951,1.00603790055055,0.964182056839065,-0.299940397014985,-0.00752036668228041,-0.792399872982925,0.787326681778808,-0.339212082638467,-0.828057343730479,0.545599727181672,-0.12487427373286,-0.259648583662801,13
0.327121455429843,0.389949955605161,0.809223954788844,-2.29381222941269,0.619639869923612,0.0235685026239105,1.13187512753377,-1.38601332101763,0.857254574302987,-0.952006737680894,0.187387799898289,0.320380439643759,10
0.210943470834941,-1.60087727080899,-0.513580782773484,0.369100666766161,0.634840125288408,0.390354252354095,-0.367721157431725,0.993358803688313,0.223450910347393,-0.424051449987465,-0.479951639805401,0.460941329526112,17
0.249788815315767,0.922808529907908,-0.471074261259251,0.298753211901426,0.137730150546779,0.43487444415102,0.0519942886869415,-1.239704493081,-0.367998258190983,-0.370685728036924,0.378237963166557,0.292223632616728,4
1.45501378106057,0.485714048493223,-0.673228306227339,1.46108922520687,-0.479634507188644,-0.891801578787877,-0.217473812729187,-0.49535179031406,1.43800934643902,-0.0722143124047377,0.149721611749521,-0.641132135372718,18
0.51969865810323,1.71970770568657,1.79504317265943,-0.0437708740197679,1.87001305269819,-0.601832955014855,-0.708133106735866,-0.550644587091057,-0.134912121817923,-1.08208820565814,-1.02822932664903,0.724958993421793,0
-1.68120490048751,-0.729903039746674,-1.50114816650962,0.734434315957957,0.608061811128551,-1.4070188295629,1.19110640965279,-0.719641760765422,-1.54883879451569,0.530767191388323,0.357177277393164,0.444660602322927,1
1.15184377000661,-1.69203664187972,-2.13355962908392,0.176886000259898,-0.31367183905005,0.29775578307128,-0.324111497074167,1.16668185892972,-1.60588315924887,0.317487530098139,-0.0395969957829403,1.25389796235508,4
0.808567657705768,-0.350262245911371,-0.766752989466882,-1.25596856759772,0.526869678705412,-1.13103678655976,-0.265106009514051,-0.148048306931556,-1.34204592131644,-0.310878910676907,-0.154062044796316,-0.0783061590460438,11
0.09854746581528,0.949848434249825,-0.504461139982365,0.319533374917952,0.611369310475448,-0.953986008873956,0.209003317491864,0.742383188059951,-0.0721820205952371,0.755808800986262,0.548614519384342,-0.308448823363539,4
-0.645450309820744,-0.497507996506115,-0.305750257027478,0.922311160807061,0.344502111165131,1.04343982375624,-0.17010471690655,0.405321157572085,0.566207364916019,-0.788646289396447,-0.537352574940622,-0.350323660981918,3
-0.383516262519697,0.0426491802243464,-0.22832469023017,-0.89532828413269,-0.420167498102565,-0.396311442772759,-0.939270283274688,-0.836448144120231,0.0898815529319917,0.185200268293098,-0.0365131528806001,-0.489127298237948,13
-1.38617268832815,0.0929791677629405,0.0345251753426231,-0.0780260709982613,-0.603627191350194,0.582783561511472,0.0610961450504799,0.300349354967052,-0.953790845589988,0.976118251204484,0.0142599376865842,0.723811716064845,13
0.554657157853308,0.646098949195106,0.435899404583863,-0.477422591423897,-0.220922458245215,0.305510652926739,-0.314322960848824,0.932909489343856,-0.900806744588015,0.0991207034285751,-0.311882345240611,-0.0482872395652275,4
1.6037355407941,-0.748480399008474,-2.39235203578841,2.84961706387779,0.378290113734853,-0.889365863187875,0.114263115835113,-0.694858719776059,1.9291832063539,-0.52447605344553,0.857820744715419,-1.89628435849696,18
0.498499869337595,0.195230414418166,-1.19201888243149,-0.696674271339504,-0.236029240315809,-0.634710538045025,0.913832142215755,0.0560625152497025,-0.494703534578602,-0.570183093834625,1.39678472832465,0.591489639957063,4
1.13475321316586,-0.0275603334695016,-0.0920526253829315,-0.840227496705221,-1.08162860445973,-1.23339189261149,-0.379647572617777,-0.643736037752267,-0.619310374238362,-0.192357403480671,0.372544774977169,-1.06992247399215,7
-0.186411771952276,1.55676066129514,-1.00982696722,0.0125461223614192,-0.338537845978243,-0.0052527112834431,-0.371093403984047,-0.818631788286226,0.753257246754088,-0.223319979487856,0.51820184592665,-0.35106001852827,6
-0.139243837322691,0.769232769695695,0.124208671064128,-0.909850741796035,0.105733081924294,0.0250595118652134,-0.199564409215621,0.874117203681367,0.51682112538732,0.490649509749933,0.697758322936589,0.24395781546469,14
-1.66633980816645,1.34451478654602,0.736568415801377,-1.60580459096626,0.116812351671835,-0.654784398286169,1.42317105635671,-1.14453629980129,0.610828245554847,0.0185897584210045,-0.284656553047478,0.526477566080732,7
0.401825956248484,-0.744901999032135,1.22210381001621,0.965725083749888,1.04433960553015,-0.221708251679783,-0.604671198070217,-0.979577029784779,0.903352883043365,-0.195281059393175,0.622137965583429,0.379701704989244,3
1.04733735700153,0.871270449334345,0.544265928097691,2.41604204726643,-0.997148343876133,1.12420250337439,0.778472494056223,1.7516379256207,-0.189919053779628,0.0589808573933852,0.234117746360287,0.171324997980638,2
-0.693425845394828,-0.309480822306727,-0.291211809739894,1.09664762511574,-0.698509611105422,0.0417189802792244,0.471256702012351,-0.816310158977077,-0.714700081258568,-0.0695456852848704,-0.50558409086614,0.840650492491663,10
0.798203422772224,-0.783080078988867,0.764143583607165,1.18021372531605,0.279483016312893,-0.529859042719062,-0.348146626384291,1.55860712409985,-0.0330969150001199,-0.890431355028871,-0.604087960248284,0.39620406651202,8
1.28782582179944,0.458584053924068,-0.170245842298176,0.270432421986752,-0.860187521809259,-0.717958482438079,-0.1111323451875,-0.284602759559709,0.707241804606037,-0.0733524786433535,-0.106595413973615,0.116244549038372,15
-0.322925992363376,-0.0923622218914963,1.29141175592354,-2.20273725102942,1.30567470121588,-0.657572942748632,-0.853672177046573,-0.906453425340321,0.796724126597021,-1.14324730853364,0.524850330793546,-0.315348449418047,16
-0.0822367821890584,0.611501913547961,-0.417155767154388,-0.127920726613263,0.317192570678908,0.555950224773992,0.163595218182761,-0.98310848573348,0.578768313187565,0.283069976157524,-0.477807671527535,0.248801849024102,17
0.236046361391269,-0.566034234917579,1.41060746636729,-0.257145940259925,-0.737342204976507,0.0568410244442403,-0.00762830910422592,-0.518217775143485,-0.0796518062365212,0.693045488684672,-0.791205702543675,-0.378971269216882,0
-2.28216276079517,0.665028685602215,0.0429327535354581,-0.745454521391083,0.669957875200486,0.570968434244912,-1.24879544967679,-0.230461494317062,-0.663780963078398,0.929738232199695,-1.29111710245366,-0.114140151807402,8
-0.657963449752885,-1.34824254298278,0.902150241197216,1.32697729499062,-0.366029409575396,-0.0610197462188601,0.664637546558602,0.139139747897213,-0.263890388454248,-1.32413671721698,0.39938355777619,-0.152448815616617,9
0.451589628767832,-0.321527891699313,-1.22031976280126,0.723443446105201,0.257436569072344,0.127401369126888,-0.553561793375545,-0.144228596717616,-0.915250731320786,0.448490842174481,-0.493519127465212,0.0367081635509898,2
-2.36786752432496,0.576845404220936,-1.48829829103296,-0.180615553947312,-0.409928216623579,0.213944586475856,2.18490161912641,-0.091287583029955,1.40137216618156,-0.180624335326293,1.16788630219314,0.435874285685641,13
-1.9260370036631,-0.815881496407399,0.808184456358396,1.40452288460248,-0.600450058267215,0.399335822977221,-1.11750073221386,-1.71214128651717,0.867419269134213,-0.138357640407668,-0.0683708255168282,0.0653234323031677,17
-1.51877718647086,0.993396980638082,-0.145228859034052,-0.845961328037289,-0.967226209312618,1.39844863810734,-0.0487125195944096,0.508267272547662,-0.745350765529202,0.0110193196378285,-0.155874517846985,-0.18486121081775,3
-0.918873686664931,0.860602056451475,0.497571388421587,2.81547521843003,0.860653209762783,0.390195776726309,-0.874486899257608,1.59468124553487,-0.766562967448862,-0.496150269927265,0.971963203982925,0.86619885031799,5
1.67083079901058,0.164624217511117,-0.566806065568536,0.886403113667885,-0.717885677033798,0.848967239794058,0.671095863560172,0.168874560263604,1.18462955335443,-0.643844573300438,0.0126674312661599,1.46228222975942,13
0.4643724930109,2.13247424593454,0.574115851715573,1.20738005458797,-0.602590097305153,-0.688672390534484,-0.0904862971835284,0.473450624112927,0.0895183920805662,0.163640348626901,0.0765508398218801,1.66128612426173,20
1.35079419235507,1.79258213706196,-0.711393419121818,-1.5123856881648,0.0572911169348355,0.790380750799261,1.29476607169899,0.940453466105731,0.240806651414595,0.337891461434355,0.231909900702452,-0.664048609219736,6
-0.712406709359171,1.78974096999684,-1.75889865699689,-1.6148852263601,0.264133039008553,-0.539106048640887,-0.71619124648253,0.558622425095363,1.33556534072081,1.52449054625946,-0.606013536947058,-0.290065719314593,6
1.13186438141148,2.12762946912552,-0.41996966805415,-0.259959148290162,0.905217046063707,1.08103820890904,0.618781485835271,0.555025215475866,-0.116178027381675,-1.17369431543748,1.3113115736823,0.830711125956625,7
1.05391124822608,-1.46099000690256,0.536263856165778,0.146747570023753,-0.586892470080355,-1.10531562731207,-0.142837894312078,1.80792164026172,-0.971956424140354,0.715459243752033,-0.067122675672856,0.0550669852981251,8
0.276018521229786,0.246052656319572,1.27933787348109,-1.07331111096658,0.274415232219805,-0.492504513853431,-0.675758211792626,-0.25233407187136,0.285754238820254,-0.97369234124324,0.780009826417526,-0.472093640599664,11
-1.48709824908285,-1.40732010352296,0.558167168467208,-1.85723707231815,-1.32952963556223,-0.373339996659668,0.672599638146926,0.375930662152304,0.110276763346799,-1.1780326917311,-0.262012515120223,0.806866132556276,8
-0.381158100655254,0.143607742894975,-0.887170223233156,-0.222744500906665,0.937235986259064,-0.560241783963389,1.19574143454864,-0.454373333312557,-0.881584836671712,0.809115653800996,0.35514304123306,-0.703812538254036,9
-0.731358151514268,-0.644062562828975,-0.382553663914962,-0.968806522431691,-1.04943878461997,0.472469560427461,-0.00907021744316656,0.0711275124517169,-0.716115858267941,-0.943305982847354,0.891459555269973,-0.171888293051318,17
0.798631589189283,1.92054288195204,0.966613788412229,1.68853243347765,-1.54342059773109,-1.1256249677219,-0.180908178038176,1.35895339554549,-0.287103532399692,-0.684695327648139,-0.246982668451075,-0.615781840229246,8
-0.00640052718007811,1.89107369271133,1.4052062162542,-0.585347511227137,-1.22513487723088,-0.689868190444208,0.0180489168772383,1.09449588205458,-1.11580045605926,0.683811208219203,-0.239252572597597,0.178899441885624,14
-0.259629524531427,-0.637081167160237,0.438939714946915,0.335333254982391,-0.282712064024711,-0.604198305920234,0.192519889247651,-0.0102073656776696,-0.731003503088922,0.0552089693218985,-0.776219150568279,0.336148882793249,18
0.183975254634492,-0.040352412496297,2.10429476391741,3.22776209917101,-1.91861324633548,-0.797621633571657,0.207289035086779,0.20472569350714,-0.182072458802079,-1.30615277000738,0.185152045563576,-1.30411393087886,1
-0.149358447513306,-1.23021103810165,1.31403512296897,-2.01567993438181,1.01975236695813,-0.397889046451054,0.839265874706659,-0.481836090028596,0.0512981270381895,1.84152647162224,0.280415595156244,0.140409546750504,9
0.893177032715127,0.122718070502321,-0.0768910280048875,-0.191599405095865,1.09622174877063,-0.270144339422184,0.164721334344225,-0.18874911703803,0.829151197878733,0.116561401891447,-1.62983679086147,0.38882406258957,13
1.24579362724929,0.500361304590763,0.935928885749836,-2.34076818128068,-0.630972429573448,0.0847026978328842,-0.883098817760396,1.26520064610531,-0.0147999985412459,0.662040850566341,0.359171034022427,1.1616656592111,13
0.0350326782806111,0.555579765789147,0.52711842022171,-0.289910294888994,0.168677692288529,0.754663003109529,-0.767610347707581,0.375656022769429,-0.0909768815811563,0.267769406038727,-0.491077063430441,1.03012264917422,4
-1.77470034253462,1.38375750586025,-0.464878325474985,-1.09410951021716,0.483151331920961,-1.38080616594144,0.537189051739449,-0.444840750286365,0.112076403785423,-0.320040724420408,1.49667899642697,0.0718928580964305,18
0.966234484868336,-0.693884607553552,1.66896157117197,0.71358137542186,-0.799306112587552,-0.462206495712236,-0.800641232868378,0.657542315684247,-0.721143435080288,-0.126413225915649,-0.521121902545341,0.421321516173605,2
-0.406856809980006,2.17365566747068,-1.66244909913137,-0.805146465326596,1.46570678796671,-1.19353450646504,-0.022781507353011,-0.157952205104872,0.0534078707324092,-0.341909321322167,-0.779418451257129,-2.29112798035427,15
-0.328189747540746,-0.427360087142855,1.37713629351642,-0.677883834277805,-0.00385773926747261,-0.9026884898348,-0.886838281858635,-0.581801570275275,0.338900418818991,-0.860418002608404,0.680755530283359,0.0704637698713217,19
0.171643230819351,0.809663023065477,-0.349043557239926,0.658534975282583,1.20209568310808,-0.202563190460486,0.875617463765388,0.441237934185618,-0.851049525171812,0.355390139314749,0.658324601630129,-0.078617060132811,12
-0.628687870649808,-0.966365385492271,0.950638029968006,-0.0515074661916602,0.206184424498311,-0.898115806286694,-0.049462728453175,-0.119643394846605,1.38873116638972,0.305974532598822,0.0393725030670113,-0.493530582890074,17
0.441832018257257,-0.0281967698118095,-0.022323449746745,-0.978327500813144,-0.199247192698376,-0.264779187171364,0.0574796334184318,-0.835448904845045,-0.55054885122824,0.983873442975626,-0.860740124349529,0.21009637338714,16
0.598374606552446,-0.581363558473701,0.327513623189627,-0.339650728989083,0.23465755970686,0.516508219055639,-0.116080817040869,0.0750090672798942,-0.695415267637877,-0.445935768213328,-1.33525341082869,0.832438947840154,4
-0.102707335945051,-0.986488308165736,-2.25999314953444,0.0111356551938411,-1.13713165855274,-1.25104029448602,-0.0277125289427809,-0.26512341244778,-1.28226062312463,1.13303470099911,0.455541444097936,-0.348950796963951,9
-0.0052112082254071,-0.910018392496757,-0.76928373637067,0.922408327479988,0.567722811996601,-0.303258887634075,0.413006116850826,-0.51899783538081,0.264452032918339,-1.02764116161463,-1.2935024719989,0.871859968839945,2
1.92514610231486,-0.909103528492944,1.23910708830865,0.433310868429293,0.792437426636076,-0.597118392869636,-0.0986321354224144,0.938088140548945,-0.35538152923533,0.147133951973702,-0.230637768192965,-0.418294000042141,0
-0.358632362988435,-1.60784541288432,-0.360649251826074,1.24140598753452,-1.00931831608799,-0.692491680194353,-0.606200364434984,0.84880877902145,-0.766195672122433,0.438567300393771,-0.237621107281927,0.543302680138292,9
1.49355464201912,0.716036370354205,-1.16344851645993,2.45404674028278,1.1165779212954,-1.03860611237314,0.575159107952094,1.11519061163053,-0.254112614835758,0.901663620836614,-0.505475417787341,-0.00527911552160606,8
-0.862936570252033,0.109422075120035,-1.2619712441315,0.374074127656581,-0.369648759304951,-0.435495913314793,0.823512408682865,0.605504838680775,-0.515359380515243,-0.200534512438242,-0.865844368518501,0.10503608904303,1
-0.279899182398285,-1.1836486614624,-2.01513598144619,1.79949535697164,-0.247123763876517,-0.142737966953864,-1.56764388894499,0.641514639528787,-0.147574468872117,1.08259381269851,0.74243587092774,-1.01819299724447,2
0.914297508622121,-1.12859990776101,-0.707850105812153,0.555984571509462,0.806007183802033,0.728165405096987,0.45531234809201,0.763005396140462,-1.04849823190793,0.342054465810923,0.0785365337676735,-0.293439226594275,5
0.0483558849608377,-0.668873610353818,0.635669872095813,0.966027074717421,-0.109750393306991,0.54944268747658,0.518315949347235,0.740243365756437,0.199847424789469,-0.354899599087357,-0.234852227173724,-0.812321172492915,18
1.11208909950681,0.690090612289213,1.23051875109977,-1.87853420407156,0.0172560908157484,-1.18230072939636,0.411419389545937,-0.491114258285749,-0.499674985293061,0.520661352247522,-0.646717075245159,-0.235415659378433,1
-0.808216308272359,-0.391531496543859,0.406852572553088,0.975397429700441,0.593225470072009,0.3602570999853,-0.0867237232269268,-0.445978026120931,0.957021931209516,-0.828502200998415,0.519305535901029,-0.343375433356977,15
-0.0916995445056671,-0.282232027276432,-0.69291399138009,-0.02109656132438,1.11050294761359,0.0980715028893877,0.0320453194832872,-0.517925124966959,0.181692943424747,-0.710324902934011,-0.655779521572616,0.109484720418028,16
0.618206652312408,0.820460394631803,-0.325674817067671,-0.265510116186903,-0.469737539818134,0.0455924107224826,0.917764467996575,0.711647153970022,1.56873399450618,0.808676521136335,-1.72696405705927,-0.45859751068651,8
1.1772871604362,-0.0673481582778666,2.86726724401284,0.1696113718482,1.31404008413728,-0.606822697819444,0.163114322126217,-0.764663785776046,-0.941199480276153,0.290762794941292,1.79141903517198,0.290349092090561,16
0.868698917931727,0.783183109615768,-0.341414548554167,-1.26390371322269,-0.250221029995701,-0.326263498641343,0.93639855582157,0.677610613561553,0.366070957760201,-0.567097882356203,0.834946650145454,-0.142712917658417,5
-0.444172968880671,-0.398880348459837,0.562245081125444,-0.872084659086679,-0.165173215907392,-0.557621534407557,-0.0701640134325494,-0.0848319655276935,1.48838031134286,0.0652109726572146,0.41235308440535,-0.0369885714720989,6
-0.298880151733953,-1.23551466030833,0.554969023815832,-0.303975259467615,0.0327361723974162,0.586029178785205,-0.298853709568184,0.679973369367987,-0.488502467006753,-0.656919645476395,-0.685263263436891,-0.953851188142247,11
0.255807246414855,0.712977262185956,1.21354509282435,0.715852186007701,-0.458017206727523,-1.20511303107894,-0.593137319659597,-0.267961695404394,0.079883938647328,0.361894520045509,0.237095450916128,0.00825911456898442,13
-0.896226499512507,-1.28190225972871,0.0573034828573357,-0.725748162016496,0.349149165556877,-0.178559847548827,-0.239568603874002,-0.26416526484969,-0.245418580842681,0.608858922252032,1.00873817480756,1.67319078000112,3
0.195158719495999,1.47242728147791,0.996059501214733,0.116354734100547,0.360179584087122,-0.407498594296451,-0.719445057523157,-0.961874119929631,-0.252871109650276,-0.173800850925344,-0.401500738875846,0.414573196945418,8
0.224622197799145,-0.569576918176701,0.950570373542833,-0.0263526304886643,-0.48496958366584,-0.308461474584467,-0.615616237770024,-1.30677402154869,0.0706283257163615,0.618964116652417,0.534012935221615,-0.503944595864452,11
0.25454466052519,-1.42214658478506,-0.705886341740747,2.44232591232052,1.22394859095524,-1.11308737661682,0.247830505138061,-0.266669513729191,-0.271238414831055,0.397809403266686,-0.500409338759022,-1.60041697642288,16
-0.869203579639388,1.07903151164137,1.50186221079592,0.431066991405395,0.93897738877298,0.775423491850148,0.247563219226097,-0.362204590384867,0.64349702032274,-0.061855842274479,-0.964805412091583,0.654684186638385,13
-0.468160945946429,0.825326339997892,-0.903864487368536,-0.574866237206121,-0.963253619839094,0.382955732560736,-1.36419553369513,0.672852123935483,-1.47909884376339,-0.359436880803783,-0.0873629872230371,-0.0246010338188411,14
-1.47046198107956,0.600056918771292,-0.288320807557747,0.0523250756015775,0.834663558718971,0.709392032633448,-0.133473082648973,0.0128127648400893,1.37931679219572,-0.545484053836525,0.133898291319636,1.10039779839989,15
0.355937031062437,-2.43678493251961,-0.315465257642501,-0.883137689307465,-0.245628973636511,0.0356144404573074,0.285166419634195,-0.249081382712668,0.558522567805037,0.888280106645739,0.179992498810456,1.13601600786244,0
-1.23585626162465,0.528423473630155,-0.172939440611772,-1.03076933825615,-0.564966776377086,0.051307317071156,0.508256494849546,-0.400678341819863,-0.00137960276357174,0.0837598622952068,0.255271512439622,0.494541501806916,6
-1.33395281932622,-1.06189851308196,1.68148237491073,0.830567716787136,0.39928791676059,0.245320076806736,-0.678501057931074,-0.0884526425793225,-1.91136999088774,-1.41638413263801,-0.366028026955122,0.16063585858242,20
0.831721992555174,-0.0964076729292102,-0.256850169210565,-1.07937654732471,-0.519833628487491,-0.777825965588493,-0.0107518051003902,0.100406635459608,-0.33479808536542,-0.402330974695527,0.316771662582551,-1.1983921976978,14
0.268523818265451,1.19947271512029,-0.61472521566122,-0.339935872143223,0.846633411926118,0.768231102161468,0.0267809036944441,-0.332665985659238,-0.512626816301766,0.855322521864972,-0.269328539193353,0.350209350463383,13
2.88605416858266,-0.935841892707248,-0.0627924825673127,-1.26169541728413,-1.61903866035935,0.465535577276821,-0.332497906240452,1.13253274760428,1.02363529552476,0.0269644030363031,1.15816252823538,0.229753553719742,20
0.536801556838573,0.783095507392742,1.48264725799478,-0.374393460636028,-1.15245177218764,0.449315747663883,0.260854688942878,0.45343561359079,-0.401984346509488,0.647241540187706,0.52243973412313,-0.0839245861407484,7
-1.30310635064363,-1.44969150550372,1.76799216554641,0.0735850184459136,-2.12511638141812,0.0742457945263508,-0.294950434186512,0.153855671146288,-0.312346163400634,-0.636084650481811,-0.091923171351292,-0.855560902232175,5
1.12637044975382,-0.708122474946601,-0.0218100460024022,-1.42546851674925,-0.580293760177504,0.68344489977101,-0.689117009238367,0.5413819907162,0.0595486918041442,0.992198842716625,0.528082224493636,0.698558662505138,9
-1.82092393438029,0.97069790079633,-0.108918384367658,1.73432082539858,-0.0294764440798321,-0.662999774668943,-0.340486854161443,-0.0329014006376662,0.0126520136847694,0.241588043367087,-0.552261426307587,0.73699003242285,0
0.428018989304028,0.0327816303655843,-0.963484563605812,0.480087133906051,0.648168461855887,0.334352450665111,-0.209157003687976,-0.62074110947728,0.728841725113679,0.826168072141437,0.49132583728294,-1.00664512637063,12
0.0443684889426408,-0.263003589297531,0.581771535551455,-0.257417730112817,0.313247822950903,0.565839932055546,-0.768543317065305,-0.52452916684366,0.282099028999978,-0.200007330513613,0.221096986630493,-0.192401082808648,17
0.188972656659069,0.200249287541169,-0.534550183678332,-0.73046049419813,-0.778209193988751,-0.597964616364452,0.279487135026621,-0.087510826368181,1.03099862097733,0.0614967143157582,-0.957398089553289,0.502885526142682,10
0.503021684989284,-0.430439181020892,0.250545838870379,-0.361804425109522,0.26503448702961,-0.0390992396994921,0.526893348582191,-0.0856668161593556,-0.209486645387976,0.521069995834581,0.175268747168437,-0.124375052621288,16
-0.958574388007485,-0.461127847878693,-0.0991488847185892,-0.48152736722965,0.183496534321738,0.159851265164959,-1.11351127045606,-0.405564748287234,-0.621146548604601,0.213156624081683,1.03421107877738,0.0348112285554501,5
-0.717225825133011,-0.0633719448143889,0.346034715435841,1.04820840942613,-0.164594506367473,0.2519641622209,0.742397439155505,-0.0794525572301206,-0.371678485383549,-0.448717858529102,-1.11251435273201,-0.29454052793579,14
-0.0765019565549857,1.32847820984661,-0.54039713469738,-2.51710547351809,1.11793603379137,1.34309323698722,-0.412468835739605,-0.466417029491524,0.0897286518284442,-0.460924124136355,0.724849253366796,-1.53551628013103,15
0.45394769565372,0.920122719344861,-2.27590581118355,-0.529866459498886,-0.897103343471551,0.26074588082561,0.161944359795078,-0.192586787197428,-0.90580411091469,0.49736548573487,1.03995480296922,1.50377569476513,11
-0.379862661196968,0.287958808240906,0.632565380751747,0.49026650805624,-0.220616513905613,-0.65406202885184,0.0206302600651633,-0.0735691072735449,0.0766920686095641,-0.842604175314444,-0.602959299057897,0.858881057167405,10
-0.381345222658268,0.224059293425425,-0.88754406698885,-0.00122547922360906,-0.172448001725,0.30892739707981,-0.15090637450579,0.471444769350063,-0.390600698795651,0.2483996374166,-0.544915205945752,-0.140012950392116,18
0.961107555338463,-0.123069835774921,0.670052754170152,-0.371953320200021,0.645789038950663,0.0163669383593186,-1.07878475095277,-0.480177331805696,0.194810340154443,-0.933725994364882,-0.317207136498674,0.0393247115334606,11
-1.00958018190091,1.8004103328862,0.416043304443225,0.553584485380593,-1.13407717839685,0.885025413895532,1.06093539749898,0.320290687387604,0.518744316815899,-0.180040356316654,0.387969645050461,-0.338118371209732,5
0.188547652586998,0.0315663566407929,0.372376719078337,-1.17489431040822,1.1305695714436,-0.447845912107375,0.243371658185866,1.0846058172322,-0.738206290628899,-0.305136594812253,1.04755127370292,0.589806309861873,19
-0.154405080096004,-0.0983904589927985,1.16100452678497,2.24240121358788,0.564740496937917,-0.214164394259996,0.0806033688051986,0.605270957684373,-1.08140230685242,0.425811027928196,0.801471434624385,0.683187389207638,2
0.731064518950501,0.648026532648993,-0.444297308818733,-0.144077968431309,-0.576472240808209,-0.914698476585116,0.396959752629187,-0.359090691686141,0.56540716042463,0.235533044005955,0.769328632414462,0.566689220830641,18
3.70642473690286,1.78233509031526,-0.217343776538556,-1.00313374449462,0.250349642057578,1.36485143902462,-1.68882056176825,-0.851748859424842,1.06050233146801,0.665085000893306,-0.708005821776698,0.483185858643874,1
1.82248821639423,-0.0142077631219022,-2.34084789626767,-1.08909761733857,1.80290835566194,0.739547014743323,-1.37872099509208,-0.395589975084918,-0.737709438815599,0.121716248844813,0.193780212212741,0.698482919230594,3
0.232379890894363,-0.342195141867157,-0.140428713997107,0.239307066801037,0.574133606066285,-0.147916136193074,0.278880689114295,-0.584741798180908,-0.0120214148806193,-0.79802048584276,0.29272659300944,-0.369466696114499,5
-1.2670136952243,-1.22578339678542,0.347861904077794,-0.924830700515208,-0.747644706958686,-0.527724369209882,0.648203086192552,0.466863321827419,0.372677329759432,-0.177302471380058,-0.153984057414629,1.06938717771554,20
-1.26444560376187,-0.747514314614121,0.160482649149217,0.400549783159521,-0.222624770705441,-1.14623363853995,-0.215577378981294,0.247494793182153,-0.0228896344981551,-0.0455433069924046,-0.228797716277462,0.68753647820598,2
-2.43236127637689,-0.8482152726915,-1.01244984300446,1.8006496301861,-0.314484125244833,0.508468136352795,0.768575314060594,1.19417294875297,-0.577055063598256,0.13224253655382,1.29225952049806,-0.570413427745668,2
-2.20833832767926,0.0965227956045732,-0.356604394106417,-0.879804549559526,-1.39562524152702,0.563987169027155,0.432241051574902,0.743399258144978,1.10149729491073,-0.570545366069699,-0.253599265678628,-0.191962312076534,10
-0.818343566318052,-0.738896163872105,0.714945223876204,0.00473300047356426,-0.892770778298737,-0.844811692122409,0.546900262607018,-0.457603652534075,0.455385492461836,-1.01967524005953,-0.11379889974661,0.194215909348253,17
-0.491769320014589,-1.03254689089105,1.13696016440036,0.348647344275155,0.452010851281538,-0.116527755711733,-0.617533318361783,-0.752006611565738,-1.0253070545485,1.03919575622366,-0.364196874708326,0.539697415743996,7
2.68093422664544,-0.986966510795787,1.02965270334238,1.24473957472691,-0.779580001596484,0.458429951425504,-0.439316646211774,0.220390141282392,0.789408523439798,-1.04219135801734,-1.82299420459685,-0.510166265782314,10
-2.17353843594814,-1.81993633427472,-0.920345596321354,1.49627046846704,1.46836883371381,0.0177035630504725,-0.379050621886595,-1.08020882057033,-0.582923662944265,-1.13514081335096,-0.492961204128624,-0.339467563492316,9
0.407542476365178,-1.01395028346815,0.516701052840031,0.348756157529823,1.03388447654074,0.345399130194501,0.179084889846746,-0.540830976544813,-0.629815188785051,-0.525691978796215,-0.910561259747199,0.6929891075251,11
0.928347689316217,0.580252849808674,-0.204340765055667,0.228737718594046,-0.391918335970578,-0.340583007538457,-1.37651138973826,0.346065023442961,-0.75141063859421,0.551381869873594,0.360421048500824,-0.113684196060213,10
1.71049212299832,0.333575848857919,1.42617091024751,-0.150691189223503,-0.314731838770564,-0.159731206021546,-0.332015682047668,0.826691011448744,-1.59070456345004,-0.732702982883614,0.152908580848548,-0.0843583530509886,12
1.41398367678859,1.22191063987208,0.988278445660455,-1.43424513855374,0.926266216853906,0.800943012938245,-0.453148498071473,0.0414620488537383,1.04797582975527,-1.65911158755947,0.595688633986784,0.0804881712791137,4
1.48657954552204,-0.382831162886142,1.20423061403996,0.474214379455667,0.758685526564779,-0.860652613763927,-0.0360084576182859,0.161161078231149,0.787438649261741,0.281077759366856,-0.74989023164452,0.294503471004034,9
-1.69095692913731,0.0654458348745188,-0.723960039182238,-1.32480943465462,-0.64914624664273,-1.12518259117052,-0.0411301172439165,0.427738547986846,1.17321376828665,0.444573554213348,-0.171226298289529,0.0936385008671023,1
-0.94574599025115,1.41115892463921,-0.470322623350484,0.829520251848583,0.492034900687671,-0.119357819821527,-1.12805162431712,0.875699242882236,-0.183468306670572,-0.217200221398555,0.0769670722027701,-0.36507166673551,8
2.11372837687035,0.996182117191442,0.576173230412185,-1.57232214575038,-0.698787937695314,-0.913485789247417,-0.367497422162232,-0.945832181623124,-0.792827789243422,-0.441589467288078,-1.12085118599448,0.900794548710075,12
-2.77422477912025,-3.16816321600865,1.17725136012442,0.884138153897768,-0.218215584429558,-0.268843638340418,1.26203849783964,0.812348879570956,1.55473860623674,2.02328014233876,0.831701953735168,1.44039741795427,16
-1.36809043492462,-0.883562366579059,2.22613304993927,0.0178801302407082,-1.589702303763,0.0143672947525802,-0.600379986383799,-0.50242545815978,0.0642791109587283,0.296628741324654,0.58840504407156,-0.835347222005756,5
1.0873051610149,0.00312074411230334,-1.91370822504126,2.08278585992098,0.738332352375815,-1.02464488419987,-0.519287354308351,1.04826699158783,1.6028354263985,-0.81917730328014,-0.649680224500374,-0.548450270397635,7
0.854513772796553,1.67261265271193,-0.347549439641366,0.564644350494289,-0.465195594282605,-1.0272373993777,1.34136266795861,-1.43565467745264,1.97366068907855,-0.266488245156898,-0.170016672174921,-0.324975118248777,4
-0.698437553147846,1.54680107044957,-0.299545627658707,1.3604317976075,-0.90223402017549,-0.208265513988999,-0.572776949626577,-0.993927900444738,0.563094849352614,0.507870732183859,0.648344216646301,-0.702758762511347,1
0.390156414301138,0.346534693465515,0.823196628162569,0.278954654040855,-0.782898151203456,-0.0493039483001286,0.117109797849712,-0.0925126289042808,-0.160345950688691,-0.317344649410258,0.0356133497935707,-0.192930952926546,13
0.905855890946357,-1.6688512137641,-3.12048596251053,1.89948010395356,-0.753730133809698,0.303004219173434,-1.35651177736499,1.16429682512276,-1.34313698664338,1.33118800595017,1.05351345793604,0.137808156112642,14
-0.593433228357528,-1.84438702811352,0.260671736428485,-1.32837494386989,-0.279595034824895,0.334055054576525,-0.400799312077799,-0.230377916700382,-0.361537951066367,1.1084281789697,-0.472412209891655,-0.114295884217885,0
0.0532452603905048,1.69615364178826,-0.0293072720849205,3.00896651628646,-0.643420121890726,-0.904393835266948,0.601752301128839,2.63313600014887,-0.849372264026514,0.802826956583159,-0.311511193544424,-0.00894359706954181,3
0.25409566896052,-2.06362538332256,1.8565846525481,0.271876041920395,0.593360448603349,0.270536118868146,0.189207647132462,1.07844276042317,0.0317398862992265,0.969261260669695,-1.53239377498577,0.656952907779518,8
1.26834555140902,-1.04012352695337,-2.13033837421338,-0.703619249031524,-0.306517312777415,-0.285877912144023,0.285153724743585,0.233055832937365,0.0550768456683165,0.33112879788399,1.54869296121294,-0.835835472508355,2
1.32529617012558,-1.37724316182206,0.038772343297945,1.54470193551464,0.649727812014905,0.70635654656084,-1.33529205548194,1.36458316354091,-0.26029493279366,-0.0527411343212472,-0.615980311667003,-0.173461635936515,10
2.00485516178612,0.733809969718551,0.0904589859311962,-1.89026573087766,0.680745223810504,-0.16665342773343,-0.584790029542462,-1.08498499460371,0.483307132646626,-1.39728710033121,-1.2224082816894,-1.11864434651576,0
-1.88045591092342,-1.37656201724415,1.53032108013288,0.633667774411763,-1.10383793646081,-0.593107753223854,0.531598954619975,-0.617984132281957,-0.780470580882637,0.0644380298419568,1.32528326353785,0.75625086973497,20
0.513614799756156,0.828727318802354,0.321562199821647,-0.517006321045715,0.0474938563100675,0.277688920582255,0.124137439360179,0.0405339969636832,0.26763884574795,0.0828335747670905,-0.0881839196536099,0.0830073444468288,5
-0.558965731035476,-1.25901642963416,-0.449394665526469,0.623529299744428,-0.814284003921264,-0.119204754731099,0.253876939351043,-1.28878443532543,0.446819252439241,-0.0125313971682576,0.148277885355737,-0.236918621628869,16
0.608667216326448,0.319654188483698,-2.22354726175741,1.10786349216522,-0.00167258031825157,-0.308212508659538,0.455788051827629,0.806924624431215,1.73921697326452,-0.0330000613304188,1.26921454078992,-0.750678870006869,0
-1.14498303727821,-0.761447519851183,-1.42554159662016,1.86610737846512,-0.467758938552595,0.398205406494879,-0.23553653498009,-1.57743647315413,0.738503548444893,-1.7080867117577,-0.776513969465263,-0.69208096377036,14
-0.508612214414386,-0.640964054254408,0.837515426661664,0.255157630935669,0.467630757073444,-0.351169505269548,-0.12354858501774,0.250343189156286,0.983512314025772,0.848728391990495,0.10634776677815,-0.184429411370946,15
-2.16797091680777,-0.534579614918574,0.676938628814532,-0.346464368247679,0.334390116890003,-0.908233387242815,-1.19225265801405,-0.453376060279709,-0.0021358504497026,0.595697042104579,1.77306629926096,-0.113672053041484,9
1.82982681265336,-1.61851399321554,-2.15168409790999,-0.404633452328123,-0.158597540089903,0.982374673126011,-1.02027938135429,-0.779660789254483,0.491281486751081,0.571903988210101,-1.45900393463698,0.775720664515771,0
-0.161034641473008,1.23558644985163,0.0892212454182469,-0.00316986466993763,0.941814925089693,0.375838698228726,-1.2247200192248,-0.617549719521234,-1.12653881043754,0.0632694261798233,-0.504233911179548,-0.391012787117226,7
-1.11165132734095,0.933180829508219,-0.0705989128985721,-1.84537407903513,-0.915916305128108,1.22550662715231,0.594538319286286,-0.303948996836634,-0.39958090621373,-0.742820969974975,0.055959642777478,0.593166477529542,6
1.16277494309931,-0.666295742926052,0.949873766766353,-1.79801727991492,-0.578873174389529,0.119453388511851,-0.410792094990204,0.807904381462112,0.0250339948333983,0.851414681141751,0.636245075608961,-0.322609481945425,2
-1.49940375000355,-0.728592872252115,0.399498549107333,-0.472306060356842,0.827728465385836,-0.665725802932715,-0.429319161271066,-0.939757601701347,-0.0391358976546151,0.480081605857304,-0.815368551911411,-0.411276060906172,9
-0.542805811134766,0.631174911660501,2.09146907411404,-0.826673022729788,-1.33134498745067,-0.00692333920186745,0.589442079576235,-0.992169461759479,0.840734950752803,0.304735134914845,-0.404184483467001,0.240238976823709,11
-0.0847905046702586,-0.410915938466781,0.262273243890652,0.265036656052476,0.241263981931669,-0.611106406809738,0.531747394033665,-0.103500191363127,0.84219504106108,0.236149065782923,-0.164214827765746,-0.838768614047573,0
2.03167261803889,-0.354026669846003,-1.16704389194149,0.515023310011579,0.609903894632532,-0.110080615576393,-0.619456323390491,0.260804006201711,0.0681415978803839,0.502047664703963,1.69472808862273,-0.489449991702417,15
-2.66019359126708,0.0304226215630546,1.3587238189697,0.0194338954126618,0.172785987366032,-0.758582020477493,-0.605224061501023,1.07172546160071,0.603820687778816,1.21572546233788,2.01891404872589,-0.0237473417315127,3
-0.712141132298965,-1.19012414132484,-1.67003912950508,-0.985993237906033,-0.66608024385514,-0.63234375600786,-1.13238372502988,-0.866941240723973,-1.30394594165572,-0.695599023412353,0.258408909965798,0.310485995858512,2
-0.593338053307663,-0.0790383547799946,-0.982239516486352,0.617615174741716,-0.90595354515528,-0.619446995884564,-0.990783897385981,0.208164683822609,0.266868417067405,-0.233621123483218,0.555296576401288,1.0709927003493,15
-1.99967110281368,0.38364848917865,0.650147831998805,-0.762215708295942,-0.676879811408373,-0.701954789886361,0.188687197076579,-0.47580141216473,0.347278865073875,-0.0880101718741676,-1.60121245922993,0.842761783823025,14
3.0462370328256,-1.14496943452181,-0.959296564401781,-0.424337319822153,-0.643278854735338,0.14787282343315,1.76703177580662,-0.786456751847257,-2.01651297125035,0.0768773186836185,-0.33929241509811,-1.04716090280264,9
1.39471689364213,1.10436138760252,-1.61768210762889,-0.458868589160084,1.53328642273792,0.465332135193866,0.660110745130162,0.849351526972926,-0.478614492511166,-0.218717056206265,-0.635201310396061,0.052023663608805,4
0.123541021924205,-0.0921775663774727,0.358047955282828,0.331014673896668,-0.0371780706997656,0.476729534211087,0.530616668224155,0.00821441253950658,-0.945107087340905,-0.281605669018388,0.376463288247992,0.552348380394142,9
-2.34230286526972,2.02852304865461,-0.757360607447658,2.24891479254951,-0.127552672252133,1.35972873274771,0.120855512329436,-0.238819507205298,-0.27737678985474,0.50440654624232,0.536796267146852,-0.654039738822592,1
0.22863548488508,-0.578376778272521,0.357931615506389,0.68184250674222,0.337792373394077,0.421612778807996,0.150734162734841,-0.0320340608154538,0.0938318038740201,0.70129950920073,0.272626895333736,-0.0982291531454685,9
-0.177681138931443,0.648086622018754,0.834344030906753,1.38730775013839,0.700446929542978,-1.04534890063885,-1.18067777739599,-0.389797701662305,-1.14668068625278,-0.345978978700097,0.487700908159492,-0.204808132828297,17
-1.12125006906211,-0.856358035238185,-0.333483502915413,0.280931261324202,-1.18737581000889,-0.611008898978127,0.693955408284811,0.221343099331653,0.315195461153152,0.467398342282975,0.409453722361031,-0.0901963935435764,2
-0.0293218496907563,-0.775733697667907,1.37169583346358,-1.38048260195021,0.510659300759412,-0.902090575556945,0.803523450123152,-0.599809252919373,0.181939477611455,0.0164788374531117,-0.538411075835416,0.774701691150224,19
0.575633284585194,0.179427321632982,1.68927574428277,-1.87800739403545,0.649975773829111,-0.646897912350845,1.67771488653205,-1.19349231675997,0.21216159651526,0.00557992915299938,-0.217426761568293,-0.735818824450489,15
-0.0230968737792769,-1.07403371457575,-0.876891019271137,0.0150317951201735,-0.966065063921401,0.00905264458933326,-0.612577376691348,-0.600632650529193,0.995466033494299,-0.174730905493397,-0.822546690873017,0.901581461625879,2
-1.27540761217623,-0.370082009330689,0.860028199708133,0.906239185207498,-0.589196119440063,0.251071394796091,0.840326255383018,-0.527472334427053,-1.31488002041643,0.504572427670618,-0.163343552637757,-1.2639133351187,18
0.271839730067519,-0.136396928564061,0.495785078855732,-0.950294831793299,0.193504302513959,0.524848021196095,0.0743351787304934,0.0965946937057173,1.00155360668677,0.0628227604298564,0.406177521844023,0.450304073791158,2
-0.109521231158906,-0.0373600239950125,-0.196188102287934,0.2451031764895,-0.051797298707725,0.00907018928538592,-0.29211228116739,-0.773207309996639,-1.07861271252863,-0.589335632697731,0.0614099401622283,0.547242521216917,6
0.192079296212702,0.435161743194692,2.44773876362656,-0.257994411981889,0.79241474842868,-0.36726177558277,-0.618520261061356,0.539385547714426,-0.849290907414158,-0.969356118508929,0.0960480649449846,-0.472922267407915,3
-0.4609793256118,1.32321817534782,-0.0208627225335353,0.0615176388645291,0.638930647236194,0.0344373477604805,-0.281463797617835,-1.12484338760771,-0.696186013125936,0.516980307720424,0.484585414242448,0.148058224230218,11
0.983977309171153,0.109488238042914,0.274530219348253,0.171875483004152,0.0897975846096307,-0.195225792847305,-0.652889779789519,-0.0728290643781401,-0.0278451847174711,-0.323010611366396,-1.02909492090713,-0.390696047449308,6
-1.18253294279477,0.107041589360346,-0.193168209452891,-0.477175328193602,0.792284264236507,-1.06830128100233,0.49117446792602,0.880786451673948,0.172079125398847,0.309938758356047,0.420571362751101,0.400668290147163,4
1.55867781917221,-0.785898662253508,1.45102694191198,-1.27838056877805,-1.01303392119613,1.00932484159653,1.06672717836614,-0.27562707519319,-0.0582790041263914,0.323074718289777,0.0332923056890226,0.142815855040964,15
1.04137586454584,-0.164013413038234,0.234220602558713,3.00916326649864,0.494323457292783,-1.60708539869841,0.0800994422056385,0.645790148090358,1.599602795336,-0.0120935040322441,0.840204528122197,-0.908743700333481,0
1.87976866495894,-0.000608238211611933,-0.310037154538615,-0.89561715868417,-0.960152582665273,-0.837115489166131,-0.0329998560376574,0.626151765146789,-0.320124349765757,0.539092134481084,0.273831181408921,0.338164527004876,1
-1.34529121331422,-0.727116808950846,0.823049377314796,0.368775534635536,0.70995916114467,0.416331598669165,0.404042480893131,0.237158220831299,-0.396441719301362,-0.166539440625537,0.997384397621232,0.706597768369034,13
-1.2646637263477,-0.824175080186734,0.425964892789044,0.0604015831792549,-0.243008973461898,-0.169910617864954,-0.283926690961286,-0.486557958719992,0.328512310455517,0.837219327451387,0.937019403723605,-0.334810081762721,17
0.744473174690071,-1.003851198168,-0.44930205776034,1.35517006545375,0.132636694245213,-0.15868694540361,-0.687134957838698,1.14463246575843,-0.308652639012238,0.803373097568399,0.188493696233842,-0.848283003500289,2
-0.522152688725044,-0.45358292961137,-1.95876650403703,-0.847936177351296,0.181294280772381,0.857837946439422,0.100167873282066,-0.674731210371429,-0.047685184140959,0.921707822945686,-0.975849214832681,-1.23500594429984,0
-0.964183159309577,-0.407313583635038,-0.0777283600570182,1.27181342106479,-0.303351787849436,0.273823972591605,0.939190433804617,-0.0534408296110384,1.2934998255318,1.13153175090125,-0.249661005886404,0.519714167110757,13
2.33574329372648,0.855316190340795,0.650125953737579,3.94110817174329,1.53534962943901,1.32425672921758,-0.483547394361921,1.64883834792817,-0.389307928567799,0.373124912345515,-0.563038204970856,-1.82659704455411,9
1.2232771996655,-1.73353262388544,-1.33311668146429,-0.806706798244184,-0.422140791978653,-1.41792707451511,-0.00426394761203453,-0.557475793794117,-0.0963696291655829,0.0862685430039189,-0.728229235947878,0.457668056776583,0
-0.7143011348179,-0.565262657751107,0.0834864078601693,-1.61866802538861,-0.282216789543624,0.429471259560565,0.375786923097606,-0.126436865073236,-0.287679446063681,-0.308084067851952,0.0335000109318853,1.34617359272001,10
-1.6440444771099,-0.142429421471655,-1.02814668762941,2.27424138262288,-0.144353503012906,-1.01894648046896,-0.312339690314943,0.401212201308585,-1.51290229004714,1.06845569622321,0.23582359208431,0.692817368496824,16
0.755274408722524,-0.25782709724366,1.54863582763254,0.133730455631263,0.957030677077737,0.557066809520473,-0.715785283981344,0.919258811874652,0.341181484495036,0.367131500617358,0.0107087324571627,0.320685720467333,14
-0.855026533689999,1.0922518197051,0.659042686580769,-1.60195768700442,-0.565642434236951,1.65137689940743,0.327046416093534,-0.143266935503799,0.507335407840186,0.081211159268357,0.443120011262099,0.371058651750771,8
-0.944873915894007,-0.13939309721926,0.938544868256622,-0.360905445562255,0.957585315419832,-0.749656926835446,-0.659550904818024,0.612142861738063,0.59768554214868,-0.343345642038973,-0.348855097670283,-0.665018769904117,18
-0.289494286686927,-1.01335941820314,0.291900744022867,-0.207194753022192,-0.824796129350091,0.561909336091034,0.136414262108812,0.0538128177766292,0.33997400879035,0.562122700830477,-0.81523351349394,1.35056857920147,17
0.44999712309063,1.37715555291897,0.931774108427817,-1.51019464307392,-0.00390432610591494,0.332739808280488,0.677822246950349,-0.694218565252559,-0.022471503428734,1.16337113173914,-0.683675484048085,0.210004378525371,6
0.992987975513601,-0.591448820805359,-0.572938029801108,-0.0267015850636296,-0.665857077658356,-0.063043013155516,1.21419579975213,-0.452168065795978,2.0815300680323,-1.12163016080182,-1.23054417713692,-0.427652572163586,0
0.840118372056637,-0.913176661198573,0.145668624684265,1.2605431642255,0.849886789756147,0.301328505294849,0.203052030232285,-1.25967889035015,-0.551611406676632,0.507097593252084,-0.0269936707864221,0.00723283313977974,13
-0.00106777430906271,-0.523521705826517,1.7758577925877,0.516319056004837,-1.19456223378621,-0.5045046896317,0.277627423288413,-0.99547222465807,-1.12674774811302,-1.95809848210706,-0.0956544988454893,0.501768884450325,15
-2.7125692732018,2.70728042659001,-0.614506515908929,-0.00463304994576608,2.07740552676584,-0.705919014614444,-0.608375767810812,-1.33826240553921,1.97660597029858,-1.13616624991648,0.428212474859835,-0.497015108845457,11
-0.169605065809033,2.02249685800578,-0.917905333614081,0.690823395544044,-1.1043486683132,0.248992170155971,-0.348964136695892,-1.01217105123924,-0.610301451784909,-0.0201690822534603,0.171866863462569,-1.44837149258581,2
0.120353033487221,-0.596903823705082,0.0706360378063328,-0.266198123048788,-0.293712095363096,0.107716954987752,-0.190949864655492,-0.19417211563118,-0.816741736503005,-0.093860097656879,-0.503417075337059,0.160531296848652,8
0.292936932688877,1.71054271852833,-0.500539413381549,2.39891059651463,-0.340030854257858,1.67107853769793,-0.0605677466354194,1.3751120691359,-0.0654826906182788,0.26134059136415,-0.0839525347159384,0.262300790854451,11
-0.0537806918731519,-0.0430501962923145,0.603871996357757,-0.649661113265869,0.318266472457143,0.519074168510005,-0.231198118862953,0.656415166656757,0.696452933467961,-1.2313931406987,-0.243920587171086,0.734363134301355,16
-0.271851356861127,1.56768662158059,2.30243622995519,-1.5091905956012,-0.313389109034638,0.434332938518719,-0.297789188093623,0.27714269948332,-1.03251438044929,0.651702686613857,-0.643045094042613,0.977277945764656,2
-2.05331407927527,1.14278741507516,-0.302110282574452,-0.194065566434492,1.01010888044372,-0.737699466874129,0.295143065574557,-0.297013598252343,0.698268121925868,-0.362549401569543,0.683892601918789,-0.212909124633583,15
1.11037214279086,1.07578126881291,0.733216039830275,-2.4577009586034,-0.139163910535112,-1.76665923872919,-1.20993579169886,1.03621856497284,-0.182631467254544,-0.235474582377035,0.144413579154389,0.579547614071662,18
1.02935375189439,1.5294299676948,2.33202046175794,-1.13484440432204,-1.40803941928846,-0.88343890709818,-1.1290087245069,2.06222787607216,-0.0188349602143706,-0.0145710336261783,0.993530070288379,-0.216697663884391,8
0.423689464276906,1.44719565460259,-0.64627839307743,0.770071252807065,0.263799418298509,-0.406535122383571,0.338679459434183,-0.35868269276079,-0.141270509184885,-1.19818605252173,1.00182149889448,0.012407505821026,20
-1.40818842495381,-0.552741793046513,-1.37117347954922,0.233732597428928,-0.113104690152805,0.460702945939345,1.70764252645649,0.767994593326617,0.618733100953632,-0.579722206737298,0.0217621044953951,0.184076978178758,11
-0.721877308894272,1.38886558269235,-0.557132123097138,-0.451446153781194,-0.462967242308566,-0.631422752229543,0.544281810044803,1.12856819743534,0.259420777242536,-0.0267583003120093,-0.228402575761567,1.13147809350341,8
-1.20525564445071,-0.382190563594766,-1.2439180020192,0.818184573317833,-0.0427956756996967,-0.642559887842952,0.0434148671010809,-0.327593824487541,-0.830906134839882,0.234855518780081,-0.887388349783768,0.0052801098295228,8
-0.786595113986857,-0.643332979721661,-1.35457134117245,-0.429600457559295,1.03443536700588,0.322299670547011,-0.737931173448434,-0.576337450175751,-0.431419910112166,-0.853468745669392,0.847199762896174,0.57115194994625,7
0.204856171523253,1.82729821299439,0.741490320204066,-1.03081510615521,-0.696227443175087,-0.34505554799068,-0.374819006437743,-0.114124154553078,-0.0820200551108245,0.330329485203837,-0.339871382824074,1.69606040550103,1
1.19661502208759,-0.70377114423723,-0.544886830181329,-1.2471373960266,-1.10962310273348,1.10540701136511,0.830268522924207,-0.128746072207346,-0.68186571109641,-0.429892411023119,1.9999244674766,0.783800973864053,5
0.163879231871224,-1.46536728509742,-0.308166160071828,0.170317086120741,-0.403528289458731,0.169497956280279,-0.308756988877978,1.06671189288791,0.294084887040814,0.321820910542882,0.852068042892542,-0.865191703690951,14
-0.782955944574446,0.758903455034289,-0.899533195702358,1.58616125723405,-0.644233783353657,0.224600673653828,-0.202998058647167,0.924099874006066,-0.0204375096561113,-0.0839606522587496,0.532064211739159,-1.69009894448919,8
-1.17621869422635,0.0267799002371649,1.37430898274503,0.737416976828252,-0.714442847708694,-0.846878004164015,-0.402973534658957,-0.928096240819349,-0.00798546338770313,-0.344687882650898,-0.490377697904188,0.53354605052127,6
-1.06829960951206,1.0873269254267,-1.31319891532062,-0.126905285112877,0.487714656800682,-1.06219883112002,1.10756063999561,0.514478001557791,-0.119068097323157,-0.395859140388743,0.138347214092192,1.28802297274456,15
-1.74364991960085,-0.241202353758144,-0.830321289793062,-0.0274892658793848,-0.510582505180347,-0.26035921482692,-0.307056694273056,0.293069942948705,-0.885576497658963,-0.247612221732073,-0.826624118616059,-0.357877294175281,14
1.22325040197534,-1.24196265837173,0.0138477066913431,-0.238418966179671,-0.908034194529826,0.00192809589805776,0.234639092533243,-0.532378169835992,-0.253220847184773,0.0570891866155515,0.484044977501196,1.10284637874828,8
-1.55659623427127,0.77374816162425,1.9053865355434,0.250478106280466,0.013682556150297,0.700686880707248,0.623535634260002,-0.797041947719737,0.817847010854358,0.336490095974179,0.530133370333314,-0.113904271454333,4
1.02046951802915,0.0378945539457042,-0.786881161628668,0.895550067958737,-0.274834387159337,-0.378141523223343,-0.964613948513556,-0.914053595831827,-1.27835512933963,0.0487025692983293,0.967012988152979,0.295878073681141,5
0.550217149209713,1.22305546395261,0.0490482086344674,-1.15156568280245,-0.0923349292877802,-1.30340180150519,-0.58433491990928,-0.310774061595487,-0.0668461486829525,0.392437546155171,0.616966227477354,0.125622030176983,9
0.977158730602338,-0.803835642710835,-0.620434113277878,-0.127550302924023,-1.08364177964327,0.458836392316492,0.132053203313,0.540013379925769,0.715816822362107,-0.360876009295474,0.61391333976427,-0.495281585563961,6
0.89625661431356,-0.650756712432113,1.83692824949957,-0.883101666878711,-0.141958496167268,1.57564904264907,-1.91484381344723,-0.54745021138878,-0.369241883637435,-0.0315546953520863,-0.274318283547867,0.225454822428745,15
-1.16154858975318,-0.534303470457288,-0.640342652792165,3.42497152793931,-0.328899283690554,1.07149932667029,0.721288640194698,0.758754393550566,-0.542218829306249,2.01686723184078,0.926756422837424,-0.887329311224565,12
-0.355656242376777,-0.933585529242148,-0.154297023659682,0.335731091534165,0.873344322051137,0.203803405941045,-0.327822604429549,1.10019886695239,-0.329647930276497,-0.00490245195642734,-0.635971134644027,0.234761940345495,14
1.39517187686048,-0.56698588698903,-0.979451021304558,-0.371959602220544,-0.54045795946446,-0.920399134870941,0.813420013824194,0.600497175240298,0.679650015653818,-0.310639417492913,0.461525818114395,0.19558986335676,0
0.628657052159659,1.04194670660389,-0.130163777058222,-2.22141439853232,-0.235370899807356,0.153369367969187,0.203702991193789,1.4486645764666,-0.518629054458298,0.419432320864791,-0.0581679749704813,-0.330258631054417,0
-1.09681450914183,1.01836810635958,0.672845598398537,-0.35898123918356,0.949608052085271,-0.53633605591939,-0.0300103140959506,-1.06010271173033,0.0977409941610844,0.43883506967132,-0.39448853605536,0.23079578475859,14
1.22608177975961,0.257975821112536,0.692744233719437,-0.807481674547675,-0.485743850598631,0.270865106029288,-0.863597742790435,-1.00438019907674,-0.54039133094414,-0.143084440767473,-0.796974689902874,0.118324080636296,17
1.04452249788854,-2.49605495893579,0.334750426366698,-0.676565436666366,0.08917474673591,0.210330349377892,1.14979790469878,-1.73399042681043,-0.20644339826238,-0.388007639357114,-0.336676190351758,1.80602634084626,13
-0.150211599174467,-0.471575970819171,-0.472076207519186,-0.885660872961353,-0.996791618025837,0.717939767950848,1.47842098685876,0.226600192777616,-0.771134129557378,0.199848226169615,0.680393495955873,0.041809324564233,9
-0.94886568604985,-0.117212018280516,-0.381030620857096,-0.825075364428753,0.266413217787947,-0.629319484591516,-0.400343947427256,0.300115902672977,0.0212471727471895,0.175233810207946,-0.80493605454565,-1.17398416439026,14
0.400917443248748,-0.813586241102983,0.137929761282139,0.374268837354393,-0.185906356176343,0.96388481665665,0.561799669335759,-0.149248344317789,0.238595604040657,0.0180088723711861,-1.07708755046702,-0.0501266968703093,4
-0.559479065574245,1.99913492733647,-1.0448762574072,-1.3956654635152,-0.978972046002729,0.390618862841801,1.65510195836395,-1.2419244469914,0.523834341908065,-0.86353824758133,1.05623722670502,2.08508671577714,13
1.08603277575308,1.25319126459527,-1.13262264257486,-1.32426743175014,-0.821132280991534,-0.510722892393206,0.864759849618427,1.5424650716554,0.239209919519393,-0.527188103631266,0.201951362688676,-0.584442394077751,17
-1.32832135190705,0.486158188517313,-1.65992255142115,-0.390291622828584,-0.385273280233282,-0.276962486958293,0.505029265950836,0.163231710492469,0.772104838940427,0.353892448532789,-1.3035198679734,0.481962060532393,0
-2.3970971256867,0.902884548989786,1.63022502423135,-0.438404845064812,0.804614865490424,-0.584717276292512,1.85442786065228,-1.00814809749159,0.619650409344208,-0.0797198968064152,0.355689792412274,-1.06180110615192,1
-0.255446467757302,-0.226093412571697,-0.953900717485498,-1.37076089896408,0.158414519043391,-0.546168533808324,0.0974269629015861,0.348702654227789,-0.39651428217394,-0.378973549292765,-0.986012995038181,-0.545464382486242,19
-0.506986631636886,-1.19935114225032,1.36422189606335,0.918662955481807,0.228792536421165,1.09437935349787,0.380017331451963,0.207883408145756,-0.970606095418279,0.264868799445452,-1.26131780192986,-0.507625367762525,11
2.11804471920402,-0.249224633330934,1.06541213843737,0.385713575848174,-1.89692716491768,0.171819219684307,-0.0395171404132155,-0.466263766409854,0.699621582078041,-0.0796104646913918,0.428689618441277,0.327211577127845,20
0.152906454713954,0.682628828467088,-0.305568410650034,-0.977715890215049,-0.179474853750326,-0.192951910198862,-0.316119975299794,-0.381344643267213,-0.182274724726494,1.77340440987601,-0.535160138583593,0.695427011360316,19
2.82335711492385,1.1967145152023,1.08483696209862,2.5238162699666,1.68393963631224,-0.87583211120798,1.47035672070361,1.39247301123986,1.17480068509905,1.20200085067839,0.492893068906155,0.0696314653143134,19
0.646555088891003,0.699394446306266,0.816349097420711,-0.0549123531777141,0.217507707144099,0.5006240359448,1.13400360186285,-0.20898039850317,0.366639623183087,0.69453801835733,0.259090055341013,-0.0571336321002641,8
-1.38202728348826,0.559200701093852,1.01842363245203,2.14467720311598,0.234352680942061,0.978997443854958,-0.199965946651699,1.51407764035351,-0.113975400053337,-0.447507357068905,1.49758480466572,0.00296536869610671,12
1.38694386831295,0.599498970916944,-1.30950257625828,0.641923675202493,1.48713928007535,0.345250867499976,0.370305689819654,-0.423055875034137,0.0968423962261885,0.545998516254764,0.060892678160325,0.414038094208453,20
-1.68809159588687,2.79284432756176,-2.44878036254145,-0.882558935887113,1.04955723948351,-0.780772404542542,1.00897771891755,-0.626544674259129,1.24371340265608,-0.33100382753064,0.414412724105856,1.70550170053105,1
-0.499980910780261,-0.224422819092318,0.141902901479857,0.294965515953361,0.357151770835265,0.515249426365926,-0.595832294846337,-0.487538766397581,-0.451864889398532,-0.340907619610074,0.948878286606569,0.64286282283205,20
2.07865460304163,-0.512851028164013,-0.454788192617591,0.147825758168662,-0.941908615770747,-0.216236981974406,-0.905824937315223,-0.103375851567054,0.454792108289994,0.143585165931543,-1.13240478581644,-0.492014435260309,1
0.994022656511382,-0.348052142540517,0.721393939948869,-1.01487535001391,0.97954805340718,-0.674428366475912,-0.108028404060487,0.0135775948185533,-0.36073396660529,0.905165760011011,-0.549042423576922,0.180740440130963,0
0.851858903889603,-0.762272920985487,0.675619130280715,0.35623025176027,0.469704033510239,-0.879730220289962,-0.350219007963461,-0.112809826215992,0.379921197354806,-0.0493335793676644,-0.416595527993001,-0.410489565724525,11
-0.481458359229724,-0.364073997236814,1.37021609133929,0.919947270363485,1.16736580062493,0.993276526713296,0.130128326023858,0.0255616000137435,-0.0647329019723831,-0.0993796599146613,0.549116012518099,0.184427253080293,5
-2.02050358920277,1.70411776058274,-0.129957648206554,1.40849732681097,1.0660282321816,0.472178208091296,1.5609972777891,-1.10362937972512,0.176878230950248,-1.24646236520172,-0.293107832989396,0.632686631270598,15
-0.192955962479876,1.71550312732096,1.45710800020314,-0.139099760475994,0.0450711057014331,0.888984337574386,0.849080823817152,0.474074015150988,-0.476981926209046,-1.16391065197206,-0.243047738942653,-0.688960124714757,2
-1.34278411525264,0.478745522689609,0.332576507103978,0.934609373807184,0.254011406434904,0.411116289397958,-0.449732154860585,1.33424612007975,0.0789945669298287,-0.747660226121683,1.389005555861,-0.4391149778756,10
-0.320953645474799,1.46299889794711,-0.913965032575383,-1.65681687717299,-0.453140506493156,0.507328319933311,-1.01853333346101,0.707737083324233,0.903847981964639,0.770733210209771,0.365277911944157,-0.602724922139761,7
-0.141979679395116,2.19895814990496,-2.47983001501012,-0.357861672846269,0.607221958543064,1.46111847138472,0.791674632793307,-0.756711857428246,-1.19067217863541,0.31868519140814,1.05004051062472,0.533226635045882,4
-0.456977294157771,-1.5168129011409,-0.3699261617585,-0.292008912808003,-0.0752453638904992,0.205119008116121,-0.306292734926386,1.2753018963492,-0.0774900887104306,-0.596221747018401,0.915126872089355,1.33750592837723,2
-0.199674693265028,1.05493482198929,1.69992414375262,-2.34527574583773,-0.299174257638224,1.14064583776384,0.818736692591188,0.31363581012986,-0.0521630199864369,1.51852577622092,1.34038305846515,-0.952585439598112,20
0.126151953844699,0.369107817715135,-0.595701700448874,0.594842194134936,0.19033374956807,0.177674691734776,-0.206806430630457,-0.168694956330607,-0.0407713162705203,-0.178789038058789,-0.187355657296063,-0.948994307630561,7
1.51145701302561,0.40732396576469,-1.20324698985109,-0.667860939316465,0.803131931733706,0.601798597556484,-1.13827149607565,-0.347031952090422,-0.0382988623407624,-0.336606806224789,-0.220503451362312,0.00687046601598336,16
0.433044413721115,-0.91117322113093,-1.45525560187537,0.841004491182112,-0.252515011585996,0.561597184359154,0.503198164677938,-1.13552764141583,-1.05987337920593,0.880723945349047,0.686960947362419,0.24464819536531,0
0.649358676601393,-0.332778927062674,0.312395257068944,0.39205620484451,1.32103303605889,-0.533639028519884,0.660959250882869,-0.622414167255899,0.435418040574721,-0.148762279015859,-0.617822782374318,0.821916490091853,13
0.285801421258073,-0.0691956211237961,0.0451796529007366,0.505871894641685,0.509048590874349,-0.613382850906274,1.01695068640517,0.89789047937097,-0.616386543889711,-0.530001427167151,0.208470515068546,0.195673389455784,8
-0.189793161087452,-0.806410577411838,-1.33524397311333,-1.23952374973652,-0.202742699495049,-0.199003676486595,0.197272230865299,0.12398824781908,0.222644791009887,0.0830261408281636,-0.152908982823452,-0.0753486736089897,0
-0.767169139637667,2.04072371043517,0.362796790326602,-0.527547383908352,0.0522626559955632,-1.56044774016621,0.392080448983069,0.552087985648749,0.0164479635081746,1.2262692195863,-0.66892519252933,0.548465113726364,16
-0.0051615693556234,-1.74380299617848,-1.18504258759725,2.57344706562286,0.615149662749079,0.399068669126979,1.44519358906636,0.00271302215943928,0.0461822616573086,0.559328782515611,0.403497241126053,-1.28244599526719,3
-0.744081002328593,1.16305941121803,-0.335368096887183,-0.367825537594122,0.591001235728978,-0.128011940931525,-0.545745921284708,0.270031766167525,0.23676548122017,-0.0364813470227097,-0.446891211932262,-1.20777674140127,9
-0.575262674981157,1.55072157276108,-0.457832005511305,-2.67421372651163,-0.0733587430814154,-0.887297044017761,-1.12444112663203,-0.340977506157935,0.00484132874594896,-1.14837797150786,-0.299300115119508,-2.02320050539028,6
0.229657681697736,0.599942392594758,0.230176784008281,0.875046424128001,-0.621699583636989,-1.48699680533808,0.999088716973891,1.45884284958633,0.82327630000917,0.992799370507269,0.443793717549402,0.494140800021891,7
1.90180146735297,-0.811515336585306,-0.451249305588264,-1.03981606116265,-0.322374945946616,-0.731384528090445,-0.463232299854555,0.462522576731302,-0.654059636538745,0.692876836549007,0.273808338805769,-0.210139950339363,0
0.320125586814625,-0.27772609365393,2.11370297529669,-1.10017929516174,-1.15405041062559,-0.355516889444256,-0.719128282332791,0.589053339617335,0.695499230392089,0.299716412191024,0.930773608599896,-1.15764121753519,3
-0.505531017137293,0.489880362809994,-0.23680515392957,-0.0394347871056343,-0.877025058155808,0.239758387192616,0.525065416010365,0.0740920897291708,-0.917381848187608,0.151460190841288,-0.808789189261214,-0.0259988629856478,7
0.745136971269879,0.981179451245574,-0.50157411242583,0.396832310247908,-0.266893801897273,-0.819243505747394,0.573953299594899,-0.799821416854767,0.615159502009466,-1.64052467977009,-0.452454289111735,0.865911307469906,6
-0.518626591765755,-0.00544028279670014,-1.99933147805757,0.363709605224116,-0.160331488909166,0.756493923183515,-1.13619890043909,0.474018385388776,0.391343449352384,-0.718708142331809,-0.534337173455061,0.333174943203237,1
0.049785198098762,0.164695467769935,-1.56052798960167,-0.383334359049716,0.213416473208574,0.113997729150737,-0.929227547519082,-0.141012451001732,0.908072839366187,0.0246885879529148,-0.292810987273551,-0.199893774054166,12
-0.509270511599209,0.354712492950599,-0.314477279093251,-1.98680640764139,0.79903959641166,1.21550422957206,0.69363912876522,-0.447645768563977,0.0702480884961493,1.07611473768321,0.7593011712866,-0.587273482393175,2
0.663608633098999,-0.384907135120472,0.153111518148451,1.95439563880178,-0.406731785264974,-0.334163794476412,-0.931761642062058,1.40562717118439,0.24732111587768,0.889668100386194,-0.322522073492021,-0.130852595376426,16
-0.384974062067393,-0.62731703834563,-0.193582087308857,0.880896316483934,-0.783116793462065,-0.227398791573837,-0.258483356488363,0.0345975689317419,0.0650810510879772,0.385057347893377,-0.599004371796868,0.840518852198853,13
1.19655342793231,0.890238031804984,1.83013508268357,-0.737803291417173,-0.885041341223413,0.264127359222754,0.9220556277847,-0.830962000988265,0.597651901968043,0.0306194188310676,-1.22668682804998,-0.520471449676631,14
-0.139055365885393,0.850680945616199,-0.0779628910886109,2.36862092280697,0.238805453972087,-0.277140184043304,0.351428836624942,-1.01127148674305,-0.099852690630184,1.0005044173466,-0.321581477050491,-0.339323998819186,0
-0.484675813643843,0.200482557775127,0.352755296701,-0.717790163010545,1.16849451516883,0.0511824140817281,-1.16977378282834,-0.0126058741234992,-0.731936835648314,-0.129363444952439,0.393530686594873,-0.607465139526625,2
-0.783356021495784,-1.59696789184122,-0.698727724221782,-0.566332211530687,1.5208344241483,0.780445265739012,0.115499765563931,-0.485548359783334,-0.190554669512979,-0.295375049215359,0.597453295722359,-0.703208187517664,19
0.401909022862373,-0.944306847702875,1.37217718182466,-1.08560314355346,0.49334562132254,0.363082262581944,-0.115968703485153,0.944813045406111,1.07723472377993,-0.383593803666893,-1.20194715680486,-0.212457755600697,16
0.0378512408942941,2.07079239825485,0.541312933739288,1.15700321970872,0.402761632360069,-1.24489756009145,0.520385979470958,0.891248198962274,0.174052409499843,-0.143195216845291,0.410160806579117,-0.457853354732687,6
-0.0775826072846282,-1.06082961120675,-0.472356495306465,-0.265373495182376,0.35958639442223,-0.778469751824093,-0.00172753849389061,-0.355375792378832,-0.393432993144707,-1.01840110066865,0.359795985449817,0.179326283183733,9
-0.415337639469405,-0.334052781871886,0.192218032811746,1.43477906584576,-1.02384099002507,-0.398124850839646,0.248211630126665,-0.690858902137713,0.264555840483359,-0.00550795570295274,0.0805691360752644,-0.57336800709323,9
1.3366970597189,-1.24450390821828,0.0275349292398702,-0.36648564679955,-0.0650673950502304,-0.449047721692838,0.791881756178616,-0.0471634117666242,0.238760998372204,0.587905444371589,-0.896283115334039,0.372514357754771,8
-1.58664780970722,-1.13692687373947,-1.83925503996697,0.89510889125852,-0.0603913107525683,-1.53536051047141,1.59418631061049,0.247065011265143,-0.771600109357278,-0.396114141129257,-0.157577020817159,-0.154063630344128,6
0.492690814026687,0.688168595578972,1.4545259064488,-1.54997189116975,1.27907532496009,0.108263665189835,-0.195878579044538,0.621199240900328,-0.250292190087311,-1.54811700535316,-0.656285621177476,0.0395596590319417,9
0.315502096250166,-0.41758735972945,1.48954757805844,0.791791718029781,-0.262443870153055,0.754569636699828,-0.404122004819695,-0.288612050447119,0.471014465401758,0.714394368993756,1.18960807969061,-0.471313241460191,11
1.60174445899198,-2.03473610845418,0.511642881323279,-1.52502869475325,0.041815672580068,-0.825980104652989,-0.820515288751335,0.355669218790797,-0.185368872483203,2.24931522714531,0.752937895167675,-0.949962903309598,7
-0.495605557879654,0.696356285649641,-0.518460971123258,-0.466249670750153,-0.370771575615338,-0.407424734270209,0.528011037940729,-0.221411498942815,0.0235607334421268,0.266467897388235,-0.31783229091722,0.343935504777911,10
0.766871471011154,-1.65427848291382,-0.639456318735228,2.71816908090497,1.18238755920697,-0.435516437717642,-0.199848478066392,-1.64526357000952,-0.183112601011961,-0.334656604435451,0.873068815123319,0.977446904824694,7
0.203046958605424,0.477694013665297,-0.502679767829802,0.655496002469629,0.434553440683427,0.00406686731228811,-0.83886830972067,0.291594157202667,-0.0299143482072979,-0.529317896357173,0.0918965438310228,-0.451310066980042,4
-1.2379436979492,1.16699243488529,0.437105519959197,-1.19054399562381,0.339574434055816,-0.512712553618164,-1.18447617460835,-0.340101337627599,-0.834189101768385,-0.646376770496585,0.78171035477483,-0.795788986507588,7
-0.486923295116329,0.547931702098141,1.1092799627508,-0.764458989921994,-0.703488293740301,-0.99844845779208,-1.72104777573527,-0.0247541576632176,-0.0540943028421446,0.0257363506172601,0.435011693070437,-0.218665568706556,19
-0.862733794498114,-0.385589943362574,-0.941854374661953,0.806803899428402,0.36326035237693,0.331123528582917,-0.895891081827642,0.554637776825491,0.582369970909837,0.269656564517151,0.453162532104439,1.05122721607145,16
-0.641084808922296,-0.629958376760153,0.440454239944847,0.243526027713178,1.49773389242298,0.68383206973218,-0.579467192548822,-0.151254634613219,-0.383469576358968,-0.0311117610224749,0.51114055227018,0.281383347311409,20
0.04280237094056,-0.0851468717309954,0.228833565931355,-0.598503349531109,0.31175713126923,-0.305633346550116,-0.0500113385034908,0.232698870103659,0.301547342027426,-0.142477985396331,0.231881208029594,0.453498161415021,4
1.3921843350929,0.369670943732977,1.73563678113371,0.000426726777333297,-1.58729078654605,0.58107462019745,-0.806833277228518,0.110240781087764,-1.10994749115017,0.73936453297382,-0.184541614810259,-0.80755197613725,7
-0.489675275033755,-0.666370408737561,0.266019169306288,-0.0854764379964323,-0.8865773143404,0.547448344854739,0.456094835657553,-0.409881558216991,0.536814890094405,0.295421929591251,-0.132141344312182,0.358254502225123,1
0.460776527759209,-1.15812082541774,-0.0293616263440138,-0.535838822147043,-0.858077268978508,-0.533460519509555,-0.584349958951328,-0.559403736782089,1.01783367909789,-0.749342262287272,-1.20334812232109,-0.190688632575319,12
0.581329614225664,-0.490970308405238,-0.925369161503357,0.768109358949073,-0.776687731302613,0.269371703349526,0.182915297865324,0.639610245852175,0.501365731794349,0.150260207339283,-0.423467958590679,0.254055204548051,9
1.74519489976331,0.936058449636825,-0.821884697876717,-0.186210517998101,-0.190235055881826,-0.769048331560982,1.27851899008266,0.641821419994951,-0.837049636195507,-0.45557367714072,-0.228750831389841,-0.66135382428527,1
-1.23977264850271,-1.9357123209493,0.43949024923463,0.258847933170185,0.0845732983399473,0.236351403568546,-1.01564544313473,-1.29074619176822,0.891130137793552,1.09243018124898,0.525960804767655,-0.154834828335044,20
0.884245411254748,-0.205002021844636,-0.167793425478484,-1.70434726352528,0.310790683861737,0.232614594612427,-0.857586759893279,0.882237089464439,1.00632580414201,1.26039482142011,-0.169468295149391,-0.176706109320201,10
-0.866875727199051,-0.47892284635482,-1.51508127304724,-0.996742813323438,-0.0606048425345642,-0.557166212248701,0.246795705157002,0.018225492966117,0.0231732209365436,0.114599833119946,-1.29498342933527,-0.907309298435699,11
0.5580989275174,-1.16078507808476,-0.541145662263987,-1.31356598429388,1.34915510453048,-0.0478673471466007,0.453816188048084,-0.100160721022022,-0.336899356789623,-1.11815329633213,-0.268871669956899,0.617368734519044,16
1.17875286055832,0.0642637203409639,0.568063975954136,0.850172446352313,-0.460999787395847,-0.475701420895067,1.03469866244819,0.335263441455034,-0.598149401996351,-0.943526850227502,0.756410588622263,0.164385310762262,20
-1.60307540129169,1.53783797115486,-0.034032644480124,1.0069908531278,1.19446681619573,0.276225046357483,-0.495186104743402,0.586714846455944,0.335370018325971,-0.21878374269791,0.109899026149606,-0.579695913271342,0
0.19811035438353,-1.2829424737394,2.90786206128661,1.43524589754344,0.985558431045596,-1.0903968697563,-0.576548145197505,-0.776156305744417,1.57197403063643,0.316841496399966,0.714483918360038,1.56384277329029,3
1.02589402381882,0.35514306604215,1.72304446930798,0.449974011341513,0.831099360634194,0.042112074032495,-1.88965041738652,-0.95976133261005,-0.15925054051642,0.525987115930986,0.51061169301836,0.0336152930123753,16
-0.476078374840496,-0.311060615537449,-0.962652654531827,1.60021690304253,0.020315610639735,0.254216309850169,-0.391016456352734,0.262751692090284,0.380201338766753,-0.792842024677011,0.567669075970754,0.505549953856677,4
1.09963648437072,0.804304080705913,0.154044566781259,-1.02717563988651,-0.00175827786174862,0.0317341457876039,-0.325384442533032,1.29556738611587,-0.53593403329754,-0.185020097049501,0.29979709141394,-0.653339287459299,4
0.28137455039762,-0.716344923997718,-0.560539505531915,-0.170835150703142,-0.422950834567885,-0.751211456444234,0.281536578923337,0.102571900801377,-0.0913057835911294,-0.0736589172418524,-0.493760130027368,0.22972674434655,14
0.367383930559081,0.504535928743929,-1.01127699662643,1.07417461227114,0.638397182947923,-0.392333635066457,-0.225784744334779,-0.886956952656115,0.692744078574537,-0.471342314775042,0.132213694240346,0.0901703965475063,20
-1.7362290439701,-0.402356972488817,-2.61851867482294,0.361610899218479,-0.123874601631574,0.160454922931661,1.36879643494583,-0.0967207899865376,0.881173117068252,-0.259032259084505,0.688359576165014,-0.460052563121347,5
-1.4258098684596,-0.691761394335579,-0.375639617293607,0.736807064028862,-0.937809427480516,-0.537964307790467,0.295737987900652,0.47712874408587,-1.65751054857562,-0.514370998324399,-0.131604087732367,0.329455017789039,12
0.102616908386186,-0.609986568126407,-1.1119187584558,0.0428114025048388,1.30266887148347,0.364836042853264,1.10926843830394,-0.8191467549373,0.566779243810267,-0.931924377417803,-0.393344964534901,-0.92434091565316,11
1.16614390585753,-0.0404995398319192,-1.54315302188884,-2.28607878137575,-1.67252072434584,-1.69937046352685,-0.178496573837235,0.0392875295865058,-0.199475070472332,0.583732241529428,0.423797733652173,1.2033813113081,17
-0.808116842679881,-0.125517207632336,0.0371642731590981,1.08116275123604,-1.21500667241834,-0.041928117240122,-0.559787008860899,0.328540385209612,-0.024821754938334,0.14621305822544,-0.337892837735545,0.768058403615294,15
-0.219020607137328,-0.0169347108088923,-0.00165081235659402,0.64448035188214,0.067775393215991,-0.416210366704205,-0.137886624754465,1.13120972408892,-0.0816778324075624,-0.384561203831024,0.122206307601016,0.227666922847336,7
1.34125787691936,0.992088607979475,-0.406608444899009,0.363265762947939,0.356036498412814,0.496209625587049,0.774290942320147,0.902298243889012,-0.0701429111687768,0.12907146828944,-0.844043386569067,0.0799979457758247,6
-0.315532358512538,-0.0381112361179691,-0.149792049888889,-0.410456824867469,-0.163873193341203,-0.48640416829883,-0.24286109051993,-0.0751656105725736,0.637455726998623,0.150273702462086,0.387694950953473,-0.30877027873736,16
-0.716925100645861,1.61961667849272,2.56597068861738,-1.00708623243291,-1.03968912079558,1.33406389899076,0.209545741365901,-0.774222880606318,0.657579974349479,1.27218559977936,1.40177769024967,-0.286340942401317,5
-0.488240266271873,0.621773566304108,-0.731009518943225,-0.840494938659705,0.194955410909384,-0.0914384585342493,0.732884624809604,0.749712577030435,0.423991490758892,-0.206245777767412,-0.824321570881625,-0.259597583173925,10
0.776379766699075,0.325410925412805,0.670153245305679,1.81849633879271,-1.13555346584925,-0.982273867006119,-0.274253150290669,0.416329850065126,-0.198515147105738,-0.443517895377487,-0.572153531082742,0.465074447198082,12
-1.35087810043648,0.613178722405204,0.112858127064357,1.0699287832668,-0.686192527207073,0.156477877612398,-0.625618740665866,0.0250731412611878,-0.160459398499548,1.88747218242225,-0.267499566819831,-0.641540419695737,0
-0.413338162636458,0.511173350855975,0.150773076952369,0.355445447210582,0.451961223112436,-0.156149533460781,-0.599127072825291,0.794400227328337,-0.540062337569046,0.4434933482027,-0.122629297985014,-0.0141301266481374,8
0.0133070001533261,-0.206065936261034,0.358209923240592,-0.56489595937491,-1.13108991912835,-0.275060798540496,-0.650381407247703,0.0404371191959642,-0.0397051957462389,0.554775080702257,-1.05356079425714,-0.823578819161647,9
1.68578002630513,0.286761169041419,-0.562985119414183,-1.86951546992062,0.462719295780298,0.216177156379771,0.805144097143112,-1.04024304251563,0.495839296997802,1.4501187141468,-0.851605680786787,0.0476403125009634,8
0.215635829462673,2.0066981870185,-0.353725905796534,0.100083498292643,-0.304023828700093,-0.902831464239354,-0.190853509214335,0.94611755999501,0.116411264507226,0.638454884739084,-0.654973443407012,-2.17741661597018,15
0.282412046040744,1.37259606987918,0.357798589673023,-0.132410566624956,0.0758575920012431,0.710159335646512,-0.513427553174799,-0.173596509789582,0.0694542077731422,-0.18284690947684,0.0292824809958695,0.94720358038471,16
-1.19103408987996,-1.26295547778013,2.4247278143453,-0.642602071400665,-0.470801401574303,-0.508642259239537,0.764042043109847,0.153753453261837,0.0561048160413788,-0.942517398716335,1.12041838956648,-0.0511988713669864,1
-0.173227139245038,0.286935146346197,1.47484493666776,1.13918035787161,0.100189342759031,-1.0505465211144,1.0616340382895,0.587673323485144,-0.38297245095527,0.514680048889982,1.2142846578388,-0.294020624429512,12
1.66173132303377,-0.812521066600848,0.419512314597481,-1.54900302019181,-0.20313193569023,-0.320200686804863,-0.736686818895713,-0.292709162501425,-0.77382702126188,1.91445089307972,-0.518577508326259,-0.0319855654314344,11
0.97143502926045,-0.767663215919373,-0.349398699397531,-0.724353314902352,0.26761932175457,-0.510525338709295,0.644214994162232,-0.255093420065943,-0.36330668421889,-0.0733856311069051,0.117215625713486,-0.0454697269832191,8
1.72340262274076,0.138302267388036,-0.434118500392297,-0.806502815548159,0.0705088720814037,0.270148860579133,0.232738339142285,-0.203720822839359,1.23878161174397,0.827735738165565,1.0962827068588,-0.0799330986460374,17
-0.109259112525889,-2.21272014694547,-0.295736075769666,-0.71180188272937,0.203493441684439,0.262336704682592,-0.549258181034124,0.528442112351014,0.833789997938148,1.5962232106712,0.41265241547124,-0.645779325575585,13
-0.0661589606704603,-1.66496825528255,-1.45517792503235,0.613335748894198,0.881515081795194,-0.681087581459084,0.0941675575551617,0.588490996868023,0.707067315717564,-0.680647447760279,1.21415216512948,-0.409981047012733,6
0.87327674001631,1.20550453695818,1.78350026022401,0.0399611602843403,0.651412030945484,0.120171411020106,0.391630778881226,0.00131068518842551,0.443486025980836,0.040188868702975,-0.282457086982159,-1.28469137644003,3
-0.840514472664125,0.63066589240951,1.87799654103027,-1.48150048422863,-0.19360905294674,-0.320477427507131,1.5017292489312,0.115078345561049,0.187865427126113,-0.710257740359442,1.1203334614128,-1.10508234254477,3
0.0471232683342917,2.5918180048374,-0.763597201875517,0.237615820160481,-0.143956962709071,0.803182207308476,-0.217198998217142,1.44221948902319,0.0967602352232077,-0.663924795888556,-0.749203787883833,-0.902128081884971,14
-0.148326834187869,1.77517583856815,2.4093443538594,0.268934155272323,-1.45990843945748,0.326717629427722,0.364013817268468,-0.773850434459297,0.187019762753268,0.610227987188414,-1.4176561263237,-0.738134177778022,18
0.244394337395262,-0.515630039073038,-2.61680405069472,0.737955932585249,-1.44562389401774,0.441210396360462,-1.0622139308834,0.0779057407751092,0.592757435875844,0.208038042435542,-0.360129533284427,0.42889614551202,10
1.84260341112299,0.0680784382947224,1.42074498760704,0.38265330699835,0.331299448271943,0.353774692839252,0.0637477987661361,0.527460279243247,2.57917393512215,0.799911836048309,0.236228441532115,0.51117521986576,19
-0.753346566344901,-0.446366846763845,0.140154360317769,0.609348776938326,0.310147464227766,-0.521863996503834,0.180466915349383,0.0159126058686601,0.00522161438905431,-0.0780920205389755,0.946330360645123,-0.201113256087693,5
-1.91334122179412,-0.83665247383819,-1.06576269763651,1.16502234147761,1.41714730217134,-0.201979081490727,0.793197598375004,-1.57267030177936,-0.0391692596786934,-1.15770309848276,-2.01266445017297,-0.862138808251269,18
-0.190555883586941,1.13241437683501,1.23714976252363,-0.786407841997178,0.0637297813027012,0.751609795698291,0.797794958153957,0.320825568663038,-0.412531082724274,-0.0908995328007443,0.965189541330372,-0.530787550479388,9
0.539077628453649,0.976791709575364,1.08050346883962,-0.875845810786579,-0.702335039377444,0.347847441063815,-0.0384660698023522,-0.0997521609937477,-0.553847420620363,1.23155752623762,-0.759812728911786,-0.865882327736827,6
0.272310566074005,-1.01088891789917,-0.450474523614167,-2.27562156986938,0.757769339723415,-0.119747411372248,-0.632228954370932,-0.972339294263567,-0.19204114139986,0.942315783090236,-0.0449787559382435,1.14545123534568,8
0.0379418988174667,0.0382316807508235,-1.40043260369991,1.12103401705356,0.744360878796773,-0.0284983847639664,-0.562087096331987,-0.941689455365062,0.214569386391921,-0.284055274976605,-0.331695982030607,0.31101995033494,3
-1.67579394069123,0.0852087856311154,-2.70616696912206,2.32777685567639,0.0379491776706291,1.33838610153384,-1.02938121706839,0.902886569848795,1.22898127430081,-0.0455613150020444,0.112443360537499,0.867393592499204,2
2.60781935011035,-0.918796407284211,0.472384396601797,-0.03751538062241,-0.358482434332318,0.646608914275342,-1.10761268202149,-0.0930413168892427,0.0766562028799912,-0.880765071392846,-1.61596267607014,0.132429229487289,10
1.22317824209851,-0.55296208751832,0.68828207756591,-1.25568927303343,-0.05616934026047,-1.12723891999909,-0.637476076764363,0.600658142552452,-0.729072832448936,0.607798872780436,0.29017799514483,-0.683903302661401,15
-0.431313904891053,0.574013427516119,0.950274723754806,-0.0666879196217146,1.21897443234755,0.688447884618687,-1.00166472145218,-0.414333515831905,-0.343357278771792,-1.11301116675626,1.19747620425195,-0.147024664182329,2
-0.598174853643493,1.50053711486624,-0.737163446076086,0.990204852267568,0.874569679912809,-1.16882841436398,-0.19511775982935,0.655484203587406,-0.373783064648422,0.481905602310142,-0.199317534087842,0.127695197014667,15
-0.030886170981639,0.458545830122547,-1.07324559804433,-0.325862214802564,0.80228411738728,0.618048872554623,-0.190552107284938,-0.0253131322418705,-0.173689746749946,0.52264734003826,-1.34319839053296,-0.336324317509097,7
-0.442488145630728,0.478753970847229,0.726137964078912,0.512720919878774,-0.610950027873376,0.788079221690282,-0.214563171016205,0.425721470927139,0.681269672386253,0.140186767547736,-1.00203551667766,0.616307698118583,4
0.00739547289508753,-0.9091458476245,-0.769055293909891,-1.9172619708578,-0.0495439452946055,0.484480484376676,-0.661004384893802,-0.363286876800434,0.08448147951249,-0.864990179935052,0.509270710220066,1.10479908832223,17
-1.94744961056707,2.30865859560948,-1.18885164409694,1.19851848058413,1.19966068633865,-1.26692810526014,-0.717094304258838,0.752283116630612,-0.774584809746444,1.36466447275628,-0.261079576517983,0.454827456071362,7
1.71694540387518,1.12476839374544,2.1858007870797,1.43981989067262,-1.25862294318028,-0.428449675317891,0.6847946956521,-0.349326956432193,0.0300062743964603,-0.03572047963273,-1.36454858514793,-1.60916508011836,8
0.8030024921885,-0.111511563220054,0.883188588756752,-1.39577846579953,-0.544670215342838,1.38433846193522,-0.576951939863896,-0.124254294543939,-0.0219506788603311,0.557859063930724,-0.0415239208418788,0.748466040505226,10
0.0740751081640726,0.810908513923726,1.16654399911078,1.34871660565504,0.280428626370403,0.306458456248477,-0.299387017505567,-0.0708771322437904,-0.117451016431422,-0.79405279325762,0.623691904259522,0.572235121273347,10
0.384920186696342,0.898870054545506,1.1407891737937,-0.342647933554992,0.0199976345761811,-0.779070763387508,0.692119331964959,0.589992883268838,-0.91757015005531,0.534641490870281,0.896608410805777,-0.341134432366318,8
1.73704709987263,-0.88807665324415,1.10826351763685,-0.586055220372173,0.623626955506161,-0.166247377759744,-1.21055260723795,1.14049554785134,0.394384481109645,0.245488560090021,0.320516623872517,0.0981400315338257,2
0.412456568309642,-1.30359372906129,2.47268219203925,0.447916666203789,-1.29746823039613,0.76200965031102,-0.778090771280855,-1.01477622690056,-0.686563900279942,-0.196077432403918,0.725393514501744,0.158596489162152,20
-0.130009807020299,-1.0191545953384,2.37299285324598,-1.34033534698941,1.09283383970276,-0.77461750295362,-0.022870739436267,-0.653481444188031,-1.57455731312568,0.921294809198768,0.677875085007767,0.515893744299919,19
0.394773590047257,0.372907237288672,-1.53859812421668,0.7163783724311,0.237741570247796,0.823807587245089,-0.640160014745822,0.612092048962482,0.361342947987064,0.326073735737863,-0.664944261669897,1.09953493728396,1
-0.968322754739371,0.0947778615092745,0.716325798648745,-0.100880988260332,0.0336262819812944,0.30183103218569,-0.251538471254469,0.685983879534567,0.92117251369127,-0.378684302567417,-0.660562299012528,-0.557290255689326,5
1.02279112813987,-0.353073634426735,-1.48597345299982,0.220097555910863,0.226495782373342,-0.125887487961132,-0.986128082321745,-0.345894599702658,-0.714922380952452,0.742176349241368,0.58562070083012,-0.122683501217027,20
-0.165063339978387,-1.03749760623005,0.0795726949110343,1.19003447157579,0.195131909839677,-0.119808490395955,-0.0578845168298626,0.073393062466214,0.243353002720768,-0.825796721915009,-0.502752772948911,-0.786335386104116,15
-0.132054598045499,-1.17923231001763,1.08101177815069,-0.619831835329932,0.20473541140839,-0.0635179892675525,1.16773459026262,-1.06996978752643,-0.440017360961021,1.47147442581974,-0.38556840420643,1.1005428273652,19
0.545673459777506,-1.34545418703384,-0.513150908128431,-0.238695228767628,-0.805296281786782,-0.802697048971741,-0.400979852027191,0.681323283921588,-0.358750692411701,0.187644929420107,-0.806958280810169,0.321389014488535,15
0.184244686793816,0.900665604911718,-1.67961016013772,-0.61995661668615,-0.348107561865481,-0.679261049588857,-0.160687905066394,-0.78844625567433,0.177849959051675,-0.132741559017602,0.567862183093559,0.420140505128376,2
2.62812798943554,-0.598657343983306,-0.549408767045798,0.289086475400666,-0.796849774978451,0.442516512650723,-0.826969582245828,0.144935569570187,1.24940562902781,-0.548178562109387,-0.474038938735276,-0.0384143315614841,13
-0.361791505260106,-1.30082792883102,0.309529747435006,-0.55878433316151,0.639213820421195,-0.00995240402747884,0.394393756481587,-0.32614700999809,-0.461849100573782,0.229664616243291,-1.0578229652283,0.144341928088441,0
-0.788612388772967,-0.834657845875006,1.60753131047974,-0.357259122328716,0.370420066275958,0.156432572803913,-0.169637495024536,-0.967411297028148,1.48736338180647,-0.550112777750098,0.318301992721966,-1.03007533864336,13
-0.695238428293979,-0.615347365689068,0.806508196245623,0.516504591668112,-1.16225965130961,-0.679392438149672,0.953394994073297,0.18847406997822,0.711945481370026,0.163606614415016,0.834592312747723,0.997927633190709,5
0.633996945341557,-0.00742617496143011,1.22257437717473,1.43401621893839,-0.59659975349314,-1.06188205702727,-0.894237293842762,-1.01371526695002,-0.813767214505705,-0.595909400519062,0.385536023768277,-0.0288991490996171,5
0.920237353724988,1.50581854185928,0.390610738154071,-0.557515757733555,-0.751639593288841,-0.701636988810018,0.70841817565034,-0.327947670657889,0.218972855224179,-0.655103821846245,-1.33059711085492,-0.387473675413266,6
1.72651988335117,-0.284804470491367,-0.189002422981929,-1.16505160944145,-1.11459102847076,0.942021843419018,1.0812063879956,0.496190729726586,0.354455634434743,0.615050086671855,0.995224283626847,-0.615977419416357,2
-2.37498996289656,-1.5623514713657,1.32856222491666,-0.948310512301791,0.249082440883837,0.991589047652415,-0.913521640233331,-0.377100362992271,-1.82054393060607,0.0230360356922365,-0.525518581025159,-0.753126288404505,17
-1.57703460334688,0.00401192748542528,2.27227682278194,-2.28016552592228,-0.00892361298724418,1.1103394045493,0.626391753948454,-0.790264003374043,-0.305081695205596,0.915656265098087,2.02131015836183,-0.501156492508694,3
-1.09795855922411,0.383124288590277,1.07977884626817,-1.42604962645602,-1.3251237523562,0.607769649848817,0.281991406984946,-0.540060898621892,0.20730321270807,-0.242117134021649,0.211996911968018,0.534592106259573,19
-0.32149221637363,0.0945008872413487,-0.783818610912442,1.82239637614848,-0.00844929431631226,1.39975465651914,0.397995253385708,0.528277884365026,-0.723513702733651,0.770118923083748,0.887095496707215,0.0149730225463472,20
0.663257240810814,-0.697842748769925,1.41931810307345,-2.00116730490661,-0.409864637944202,-1.94313862063128,0.512459737870286,-0.24807960319524,1.03643477273864,-1.09682514032725,1.75246883405914,-0.0541008414084886,18
-1.76934871386448,-0.345637552920697,1.9757572771881,0.373897802351278,0.0540828832863322,0.384179997177553,1.02593893123523,0.581425465573876,-1.24566269893745,0.0257893513434317,0.579041719357078,0.129487762648985,6
0.377825500308988,0.441050587348152,0.177697216360878,1.60085335898682,0.468100480723078,0.353294547256613,1.2939820468742,0.972984914379239,-1.07269207724788,-0.350520191591085,0.125921487482066,-0.803156261215913,8
-0.968884246560721,-1.54813974265092,1.02147845534594,-0.483614955737499,0.422060424960438,-0.0949724061501905,-1.16372916856323,-0.749867281238434,0.311077550757225,0.0987022856916964,-0.308661630772346,-1.36646571569558,18
0.298298496072935,-0.0845243659004455,-1.57915696848892,0.499982222147346,-0.0262765972352853,0.72302483894586,0.798285545961558,-0.0684532035835015,1.16665649756059,-0.276732644312603,-0.801481292534891,0.0369831038865114,2
0.114793050899149,-0.217637024289036,-0.245288750614155,1.28883389731526,-0.471675657145659,0.028928794466096,-0.444041666677063,0.598551010749817,0.817132949075394,0.30872351276786,-0.451932269611132,0.552495568285736,9
-0.376944107416339,0.44624694220326,0.621579893471116,-0.274727537379737,-0.0298383319764495,0.5986214236994,0.567271967887246,-0.104203571414719,-0.182328989765493,0.455875625214146,-0.595014741985152,0.237365446060167,14
0.820057574513859,-3.16815464101716,-0.368300359690552,-0.563694760200886,0.664297877645915,-1.39396068459513,-0.103839753337756,0.712973857350591,-0.777481660159988,0.565203435268239,-0.322684877503959,-0.945480914536901,5
-0.520787794359271,-0.193263504599652,0.860766420723379,-1.57231712636394,-0.395856152077861,0.0368786074370285,-1.01969021657602,0.566183653695093,1.25007190042466,-1.71968198964168,0.678074798703036,-0.803157868797967,18
3.52741294265161,0.603963731810564,1.2185519080685,-0.198256121030767,-2.46110705232356,-0.296026762130776,-0.814314237423769,0.0868269032669476,0.566231397686184,0.13551999500451,1.01546613681366,0.638689868073316,16
-1.17884432826426,0.116842582452935,0.556596061700101,-0.218827335767746,-0.452208777138224,1.07801357982567,-0.0157043584457059,-0.53723588230851,-0.30824767194818,-1.09022129882696,1.04094986934083,0.9789638049338,4
-1.4411410163781,1.21328496290672,0.558197771069458,-1.19061837140602,-0.840560954450778,1.38499049710422,-0.391571969048618,0.119400529255908,-0.218441332593336,0.21495500231476,-0.475016396496897,-0.229653144994189,9
-1.93034235580541,-1.06437086639681,-1.85788321049823,-0.0757475427999357,0.731147428482508,-0.0019598586673858,-0.346301688784577,0.112052534242246,0.151938688863119,-0.8260018541248,-1.92929461218629,-0.643105221120271,11
-0.190105015102066,1.134262176336,0.194106418004361,0.16670098817124,0.591782818821859,-0.00495366850842889,-0.16292849240363,-0.184877149798826,0.307666089234406,-0.69650279018164,0.187140661729868,0.677245714088108,18
-0.419862498877688,1.5596039295909,0.536522761671457,0.525638461630102,0.541113130353445,-0.310505262076071,-0.387848966238914,-1.124974774608,0.101788689610747,-0.921837093461948,-0.070106379224684,-0.0139696804317405,4
0.220006315605739,-0.04468202511839,-0.897304660060215,0.4773109966007,0.860302590703076,0.0310778052212531,-0.264720308100429,-0.120704236446736,0.241805867266873,0.4931366535593,-0.786932560796126,-0.286057612785856,2
-1.093951668557,-0.213039156035239,0.0748792479096067,-0.50059376214706,-0.109613955763373,0.227483492490731,0.786208358569064,0.321811311439451,-0.609866721739758,0.701614661725579,-0.147490530019392,-0.636782494998322,16
1.70144712307282,-0.0587403226903351,-0.58567464485685,0.174580829407024,-1.40060829731516,-0.453878308150883,-0.815658542514644,-0.340161799150618,0.806033690739175,0.482708891374126,0.226221741901456,0.771856073475063,3
-0.0749215009864381,-0.74447032248656,1.52925368910592,-0.363271194488207,-0.604434363170702,0.0275976183176086,-0.864123549023756,1.2680214782237,0.0504605199482706,0.953519754021639,-0.745294770028361,-1.20797662585096,6
0.383453176943716,-0.378616953244837,1.45408547071385,-0.474964323709116,-0.53123168492653,0.643496664429614,-0.442021592951411,-1.19219617119883,-0.169036636908213,1.152404639552,0.766923914742511,0.165836931446638,13
-0.398919664777152,1.00493504899697,0.888416562294039,0.325952804726432,1.16769630403644,-0.859876167970915,0.660788539213464,1.07397645422906,0.349384978163394,0.0365312215645123,-0.334702420725264,0.391929444052561,16
-0.866950425871725,0.0526786003937137,-1.79495408268892,-0.49520160381458,-0.594033117254055,-0.276730717655934,-0.630807713648742,-0.331527378030656,-0.237049748651742,-0.225098378628523,-0.00319559677500845,-0.0209752636323057,6
-0.380690137121842,1.65433424850173,1.24669576108242,-0.403988105841758,0.0103413256757348,0.355134116947314,0.27408890278588,-0.703887684491331,0.897591291450171,-0.469601348471161,-0.717854464982956,-0.476258384560321,6
-0.787182224043498,1.15776992123968,1.92411838503991,-1.25167016876218,-1.0907673542121,0.709863784497332,0.102923254695245,-0.2790007061888,0.481447023405231,-0.686752058629645,-0.090979403942795,-0.624066353753596,5
0.772816246784758,-0.752163983073183,-0.664959456068077,0.125320728553864,-0.310658997101379,-0.132624180584124,0.306180487997971,-0.297455407556381,-0.380234991729849,-0.0308005553683054,-0.515955370334724,0.603611656449543,20
-0.390532043868402,3.19343862723129,-0.858313349133367,2.90260693311175,-0.95394516243368,-1.04473115728105,0.572156078517012,0.139628332260295,0.522306432445842,0.468080979000481,0.714105538634354,-1.6605381925685,2
-0.331010930004717,0.877403804043891,0.509402162937504,-0.568666098472825,-1.04100757984211,0.863927918803425,-0.810695255816818,-0.557163227723617,-0.632502345072654,-0.321758075440269,0.542108866950985,-0.0157676762834144,18
0.0820407912743922,0.342960850361316,0.418709433547308,0.609703868657091,0.112174268933752,-1.14127500233367,0.0289107425679667,0.321713189568549,-0.289660392687231,-0.383688021121262,0.178339119468186,1.22087577132467,12
-1.15162969363518,0.343521732235721,-0.156605901036508,2.04596556969807,0.525713833867745,-0.257312572944419,0.519681645156671,1.55925716898696,0.365559316484913,-0.291999072255686,0.559210079009697,-1.30748011477356,9
-0.0044259972342245,-0.266913397855454,0.977422878679713,1.84648185245696,0.229749587363528,-0.736877001745866,0.645163284437706,-0.304210797099121,1.36563375419874,0.546289975615,-1.11420888062722,-0.88022139665783,10
0.013259737662337,0.436986345108844,-0.78276518740032,-0.825366930662395,0.267473998421102,-0.827315667044721,-0.515739701347581,0.271547125990882,-0.295765567740318,-1.0243002332595,-0.0459760706479966,0.990902041653012,1
-0.267064833194466,0.128371403350375,0.69164464566432,-0.227102002593314,0.107797443535723,-0.653192771080441,0.211042819758463,-0.621836631655095,-0.390856244310084,0.332410395445108,0.477810283721409,0.105182172154861,15
0.915045783585276,-0.314938652441733,1.19550973015631,1.86232131134471,-0.16532561452204,-0.428991411449149,-0.239658900222466,0.684840853270589,-0.367527837035203,-0.703526771723883,-0.695249517095638,-1.31734532479211,4
-0.330289594538687,-0.311717723539958,0.479192517566706,-0.679788007061347,0.549275005726055,0.444291742378839,-0.705345880793446,0.24995791978004,-0.0524240807156007,0.223719918337775,0.87009485832096,-0.348931487429012,16
0.608062320760617,0.572546573688435,-0.857004491733153,-1.2771004158978,1.46990914272856,0.723515290182288,-0.554963054396941,0.662796826752794,-0.315917437529446,-0.188157856366892,0.127421111654206,-0.220352629650174,18
-2.42182601848027,-0.108374892637499,-1.0182830174035,-0.872512044798744,-2.30066295565668,-0.819502138996114,0.200414977099029,-0.189925312654689,0.294928994738462,-0.675276799910585,-0.647561339540929,-0.115181594569489,18
-0.493674077740761,0.381631838653561,0.825868389257351,0.941279711229255,1.02638794901395,-0.367875331257227,-0.0758198460023827,0.645943392871861,-0.148557411445842,-1.15629106918354,-0.078570137827416,0.309204524642506,17
-0.632736509661573,0.16230444177087,-1.27014540181994,-1.1493505526842,-0.00680852459272552,-0.0490765292987731,1.93830062591144,-0.597124620449878,-0.431788482240273,1.37150909830788,0.349460208323753,0.282405659611169,6
-1.4625764209965,0.420551783730445,0.3466131048474,-1.09443674865369,-1.89474682630119,0.0625654628005452,-0.626511491859838,-1.00635727692279,-0.361509768783928,-0.386569986148789,0.38956476070156,0.27229847162317,13
0.448001278395597,-1.84076168602033,-0.236200137557863,-0.854858825706516,-0.494691341110992,-0.745821504806582,0.0219144460801447,-0.549920190383919,0.305994738201221,-1.4254997472346,-0.812932320539558,-0.316643583884184,8
-0.254754219706981,-2.73300300414891,0.207226873408262,1.2052324334997,-1.04426727939059,0.30437064968639,-0.89931187398025,-1.11521133942691,-0.923632601385785,0.414062642243281,1.06992759294416,-0.14885069584982,3
-0.948163780203984,-0.220176046250221,2.60650177176285,0.152901671283754,-0.203597753372769,-0.509493821400347,-0.989182439325675,-0.981243248651602,-0.894729437921397,0.637778776369299,0.19564276729399,0.19273914972798,1
0.615066636596991,2.66145626102833,-0.0494154964161971,0.300559267632102,0.39059280592505,-1.13106511724846,-0.622756756306635,-0.632447696675871,0.663372074349934,1.49316379186772,0.464244562178656,-0.515692031455524,4
1.20816469253875,2.24101073162377,0.525493680701168,1.8396454946403,0.207606224338884,-0.400709327474798,-0.570987462654988,0.140843387757664,-1.41948072171035,-1.78329305813259,0.332955414962803,-1.0631891988343,16
-1.12917812688299,0.680310100338782,0.929354184945619,-1.51495395923876,-1.08217750361979,-0.268659082745686,-0.809249320638671,0.218800734227168,0.678520380660616,-0.974118425390941,-0.372614797248322,0.989702403000022,11
-0.1225557455196,-0.00829219399694776,-0.287555082080063,0.162484827111777,-0.695841956021356,-0.557350260964543,-0.348852893709402,-0.758256007527814,-0.278413204899223,-0.024275660332682,-0.169824415749178,-0.164714945534738,19
-1.02644591076233,0.374847807948223,-2.0333883054569,0.914003470761178,-0.0833396486668042,-0.940491214593551,0.929941898426786,0.458402603390903,-1.67375869872739,0.717333321498576,-0.421681742388914,0.314702760111471,13
0.868365917657099,0.866563675690319,1.05353639002837,1.18499843168586,1.01180406046219,0.361366327323299,-0.159418310442586,-1.00020518312585,0.444157885317031,0.48900770763976,0.42091301890463,0.30448232741731,19
-0.36014139386508,0.761764221737222,-1.2258815614874,-1.21935036941014,-0.439804074505119,0.308466791566507,0.98497157082827,0.058715494385764,0.43807140086644,-0.36112578086136,-0.293257030134134,-0.355593059905459,6
-0.593504480567122,-0.386265239099947,0.107482806103655,-0.622914142463856,0.152889697767503,0.597240472822356,0.0079920438819254,0.314207939922334,-0.606215294637123,0.224832723314029,-0.0112063292909769,-0.105835410025887,10
0.360137829181548,1.73356541546765,0.830986870413585,0.15293382326776,0.00190301781019139,-0.90654802290671,1.02361450261048,0.489071870421481,0.835735625715045,-1.03597523480237,-1.31605876025854,-0.131134756452588,3
0.549618493569651,-0.457762174192011,0.629885374844174,-0.486128747447086,0.283655279032283,-0.629532868018028,0.904647020327404,-1.2482279194131,-0.101697069963589,-0.969329963380645,0.0954675658590558,-0.997947281993407,16
-1.32677556531517,1.27182345948389,1.74594176021977,-1.9127402652457,0.231523476968082,-1.00822766104831,1.59331608974409,-0.493628485407828,-0.731184153019119,0.012959304098315,-0.0150797604209001,-0.339365005662837,0
-0.22708108895727,0.349890616130317,1.0972021128084,1.55014276120577,-0.54157681272895,-0.957681544829311,-0.101170571272908,-0.193035921321526,-0.834511303115887,-0.800973332809448,0.020164173410344,0.308535009612403,20
0.0595558905821857,-0.958813725890633,-1.8808217982137,1.02603431231426,1.23621697748583,-0.058911531622466,-0.0274452116293098,-0.055229875770742,0.445732976452973,-1.17280140261697,-0.40772676831291,0.404678034587028,5
-1.75673192767017,-0.796367174548784,-0.199600158695865,0.265453355832011,0.232506766563394,-0.297885171626777,0.787115784202894,0.695409192214898,-0.70490702551397,-0.658232342845119,-0.439187827466941,-0.253549113247944,11
-0.30412736043017,0.764995462100583,0.694710461409836,0.830920086854041,-0.308785268480015,0.706775384706006,-0.432144409980754,-1.94333832197513,-0.833565425144439,-0.169748259567867,-0.126166272098065,0.846528801972054,0
-1.42329371164591,-1.72837939420704,0.173935594800453,0.0829691390682908,-1.01242575597874,0.0192703384554645,-0.153397323520651,1.19376169009391,0.511733245899271,0.626099080606816,-0.653711543824516,-0.637089491406199,19
-0.408947158685696,-1.46734596886337,-0.293431982799032,-0.561465452632587,-0.297417554052013,1.29114993272565,0.517603849042153,0.101399693500946,-0.173610170482892,-0.313738341462435,-0.63388389281033,-0.272931917039036,7
-0.781274188597825,0.425072251960116,-0.067234788307213,1.12148939330103,-0.438642153473879,0.0171478691687277,0.724436733622905,-0.0838245751340684,0.311489638890379,0.391922911757087,-0.326025227295253,-0.618665051471114,2
0.398440261673668,-3.07152989139331,1.61515588953793,0.191698112607025,0.285668736322628,-1.07915599335399,-0.169633089634677,-1.31569744192091,0.36875153250781,0.455285514125304,0.553825242793603,-0.971807067879455,3
0.674321523889429,0.518858349619413,0.188685399858059,-0.07028114855805,-0.654081211846064,-0.292458289851276,-0.407968961263509,0.0605266667750949,-0.443668906118441,0.129246431041641,-0.0339168403610249,0.334193140451349,15
0.265021924770676,-0.436124146703713,-2.0177760029225,0.684296044581276,0.617044676121074,-1.47849939593615,1.07326554103176,0.712601841808409,-0.68467877892127,-0.981902968752237,-0.326512795502828,1.40097933043512,9
0.194746688351142,0.81522137520281,-2.05714537152451,-2.41646226978593,0.10823362665247,-0.398174029664852,1.03890673893947,0.890512628234707,0.163932214780079,0.134892560925485,1.5954171880768,1.87290179708108,17
-0.592158998417156,0.844548136389474,0.0647639882037177,-0.419007479805015,0.0899991203011122,-0.419924339740318,0.332182375958962,0.737107307413307,-0.881053412998284,0.376031750691655,-0.334413661904018,-0.591962393448398,5
1.79958627496767,-0.783393214419838,-1.54740569937825,-0.889157426021103,-0.286062927507791,0.501092134543886,0.774794880697068,1.47442657836778,1.51214302524967,-1.15593238800391,-0.395940680897675,-0.726821198052006,9
-0.50790604411605,-0.69218459195952,0.77653104638108,-1.03866965842413,0.116647883605394,-0.114312149922878,0.506188278693659,1.1891567792042,-0.928228151064949,-0.253211816803092,-1.22375857758305,0.00423971790441173,4
0.381000870873885,-0.125473689337727,0.364120511907227,-0.933844760045245,0.130148142196149,0.19491763136447,0.151988117763158,-0.254973231296469,-0.0781932869676089,0.103551758021935,-0.219423315573396,0.880974052477282,9
1.32108393636376,0.494851441751906,0.0734439986030378,-0.519510894427568,0.868671820996343,-0.0677321517778992,0.197024747772831,-0.100874239484522,0.832692551870239,-0.683463162954416,-1.72008300586201,-0.00787652088026063,11
-1.75318487067697,-1.03816933619603,0.342390289373295,1.17644565311907,0.463573261320344,1.08670334215395,0.656724030930368,0.375117814538968,0.368902457724845,0.081009999239521,0.167880979020995,-0.107262461073594,8
-0.0935824896101541,-0.281871607759045,1.33529086014489,0.135250568232363,-0.840292135981979,-0.249775202049792,-0.573056513113196,0.0598429910719453,0.292368301499287,-0.0999540104433271,0.560662974433366,-0.0339838021960862,10
-0.800720073644102,0.321382720456933,0.643670021769459,-1.00949326762544,0.162658213861788,-0.415405384142509,-0.870208242083371,0.545689244201999,-0.420935132529095,0.955081413714117,-0.708746932522673,0.40127796411341,18
0.36657267741543,-0.533809369229897,0.0758004995554741,-0.426280935172615,0.170148564006468,-0.448408474572664,0.18020049817728,-0.263846964835904,-0.1765570401818,0.737987492776661,0.23567483843193,-0.306901951859757,4
-0.577850143270424,-0.0985087649443084,0.218299173124494,0.614343678897967,0.0973985391944194,0.718163878392873,-0.0707515001665014,0.48608700400599,-0.352556549441652,0.657940467410315,-0.711649930342449,0.951435398349319,11
-0.310562267614695,0.696208909799494,-0.626046767621754,-0.483425638713372,0.891378079622075,0.861097892846747,-0.167161271289941,-0.160373090273974,-0.67655112272402,0.0260000773847341,-0.625145805014179,-0.178225598495852,19
1.43799989664368,0.929184368274094,-2.08646385866465,0.24735935218102,0.8005859489151,-0.346467138912826,1.63986921197137,0.873367965493201,-0.417877297340815,-0.427945000672349,-0.184315807488782,1.23773031699365,18
-0.0465760612568073,0.297532945077036,0.435558130510308,0.624649751652623,-0.620739437479567,1.06531171786879,0.921921200349224,-0.322416474849769,-0.573414498802283,-0.859199517061027,0.823560206649594,1.09506002056314,15
2.35129335125615,0.596396368349729,0.0672300641624,-0.737913665262288,-0.6742203859814,-0.402313244826515,-0.130324892483304,-0.47382749294955,-0.94609494565452,0.0141283954839159,-0.277185029602804,0.0753735593802626,6
0.176213036699323,0.291158282805821,0.931796376302078,0.570998327325757,1.2481503922437,0.0530023289804596,0.633817297605712,-0.0938394065750072,-0.861134204160824,-0.286253374279439,0.0735330787634287,0.106558259110896,13
0.315988234534975,0.674974044893405,0.0120218435520969,-0.946116963300588,-0.0788419654331082,-0.72721201726358,0.208392747755507,0.521781020067214,0.574253983755473,0.865757858388687,0.75675839345648,0.584871149000473,18
1.03507681520151,0.0151772096182912,-0.791098172727996,0.493757395685959,-0.0583694458955976,0.171586034707589,-0.705182631014887,0.0801512800722676,-0.565872927324215,-0.203920897758755,0.163516993489266,-0.314332690640306,8
-1.13313772379603,0.20107639730626,0.99837753945178,-0.746831676955549,-1.28483915575352,0.875758231499833,0.0444768488463857,0.943934287056957,-0.020752900149349,0.753678536003893,-0.160619881478321,-0.275295801929915,12
0.462873855021018,-0.723388157368221,-1.33751252797272,0.258556326808978,-0.0158600382549947,-0.268658097579147,-0.833668432316422,-0.628531506690887,0.493576876677315,-1.07886007127888,-0.553331581859597,-0.316080346070385,13
0.481652521689588,0.421823496857804,-0.379231218719494,1.37382933213111,-0.213997323257821,0.489676246436935,-0.0442474098314323,0.303041018438587,-0.470404326259258,0.560709394440498,-0.204808718547328,-0.788194838319446,13
0.930481438837783,-0.760107085342856,0.828726988104287,-0.865620949261402,-0.539854351139298,0.779433357500595,0.153911032790463,-0.153002628839845,0.25302175145399,-0.187963368959935,-0.613136338891728,0.394490155402834,6
-1.55914735250808,0.660496182006483,1.34406379472945,-0.365029825817445,-1.18775013512887,-0.362811169659976,0.754319851028237,-1.12171698792619,0.319523518453683,0.635466338539528,0.588980043137919,0.656685233414324,15
-1.75343103126549,0.272010509537733,0.0470675923111737,-0.444646109061346,-0.64835465502527,-0.45125808584032,1.00611788908965,0.120735535899219,0.186754897124929,-0.51196268755876,0.662543567937899,-0.208553230103158,13
-0.0579257814568215,2.32508948500544,1.03976063846717,-0.369228161135065,-0.193260824428785,1.21322473128888,0.792631528229198,-0.482602626287731,1.13541915834373,0.350334916880446,0.0678619654370445,-0.850681801021125,6
-0.740186203760822,-0.197515193784189,0.188031030399157,0.571993242575835,-0.165366259713107,-0.346362892423282,0.439586711301235,0.423514470484896,0.261999469248809,0.0584313809122748,0.245158183874763,-0.50007002219701,14
0.545131875611745,0.710090241699793,-0.273765248306491,-0.200709421850155,1.18811338463231,0.23237969537629,0.648624516397643,0.224119508042961,-0.252765878758539,-0.390519507461242,0.889199646188699,-0.620894997387111,2
-0.690483489264962,0.72404400229157,0.546624488605024,-0.0160110360292294,-0.413866852471957,-0.170218864519208,1.24007941396563,-0.514804728315318,-0.0566740228006947,0.13341982561,-0.0438607528611875,-0.370219872148009,9
0.237040764556077,-0.653102742411881,1.09126746412957,-0.101717216544824,-0.801899965756944,0.768026760144847,-1.36489752380021,0.235933157828808,-0.249024097837502,0.815797809517143,0.387513707032979,0.580373598363384,11
0.945151560406101,0.823858636608878,-1.85808473973624,-0.803482737485574,0.32233277096108,-0.076390752591717,-1.06679654841347,-0.00313976628664304,-0.894560755503227,-1.30901390854591,0.975419970487589,-0.266951503671307,14
-0.233729796093651,0.0116535230956677,0.497404784815294,0.182240372364324,-0.0556146338277422,-0.21601834596819,-0.196968504783572,0.257453417737066,0.845037277170695,0.50146315036607,-1.39720817871437,-0.791166371934409,17
-1.28216434600797,0.566769287840865,-0.439801465132743,-0.248591944137966,-0.215359249984689,0.440276151547369,0.480492768498586,-0.0770452538059663,0.428585817021306,-0.332257371960311,1.69432446193697,-0.550113595508951,18
-0.0453327584506814,-0.0554404631701095,-0.674731073585331,-0.528725623590673,-0.000162575309815146,0.283661047891759,-0.484765203658708,-0.0302793500508029,-0.0836727341340383,0.13871988024342,-0.314674839591595,-0.0838782013647071,15
0.464019008729995,-0.595880936800318,-0.328266431023854,1.69010121628764,-0.4112917076593,-0.479174108021333,0.537328192238058,-0.653007769390158,-0.290066918451978,-0.967542168726053,1.10524049066583,-0.550542508035879,13
2.63078696757009,0.666854640715172,-0.948499557205674,0.531288366840798,0.388905054977205,-1.43063766877231,2.26820855966391,0.264470525932205,0.35421443705945,-0.159160996513342,0.804587566833375,-0.142980472784633,6
1.04411740868322,1.91584023397528,-0.804555792780809,-0.285224318368954,-0.444511609917016,0.101890668627441,-0.903461294644823,-0.801263323606826,0.380724921379274,-1.07053225703596,1.58000166600049,0.866204175292164,7
-1.96884172504747,0.646840015505055,-1.54263069178764,0.650043203295118,-0.376664279445799,0.446126267255094,-1.39730109595331,-0.77950014648155,-0.379992965178791,0.0421212001194798,-0.433001889530431,0.272487342908048,1
2.07637784356789,-0.918211170820326,-0.844928768645833,-0.907726527276814,-1.08432159557489,-0.215033717725282,0.958948214581091,0.707105130928651,1.11869298234161,-0.746469687760404,-0.169766057846259,-1.4643420041683,19
0.399807652655794,-0.000895405210005917,1.85727593968115,0.0153476709324355,-0.217737273764401,0.0910837111900932,-0.760704169870747,-0.126689643386229,0.942064299206144,-0.00185916994540826,0.582033385152998,-0.152769113499337,19
-0.0870707676635609,0.469879984138556,0.0610631769577321,0.230353876867613,0.212993040727831,0.23099174250066,0.889797546169713,-0.0594159385035166,-0.276589601009303,-0.722644290358979,0.756169004922683,-0.275531853727491,0
1.07462520380899,0.521772949370198,-0.442952014573244,-2.06801315625243,0.30034477330376,0.30781460900403,-0.823736570839718,-0.646326980666747,0.132490658304985,0.914228016329614,-1.28982798871945,0.534333057353296,8
-0.249727623027354,-1.52163713717477,-1.2025423956043,-0.792012226432658,1.06432676598285,-0.104476380950225,-0.312178260921618,-0.652731284016584,-0.777529108713738,-1.00880458001076,0.220286792812347,0.408579066136765,18
-1.16264420118365,1.16724518918246,1.2908076746935,-1.80949036404118,0.686132661687104,-1.49467942059503,-0.753310251923844,0.594384289059772,-0.283696641639217,-0.157896997695223,-0.657266844629352,-0.0460865271389219,6
-0.0816877538920448,1.60650483519136,0.704460461728024,-0.412882808598622,0.602321788198602,-0.449200802278587,0.13557103141481,0.949570511857523,-0.270715677741776,-0.0374721631144966,-0.125116006508595,-0.966395192912934,19
-0.976511191382007,-0.055915826560049,3.07185523779085,-0.849196324680013,-0.141968622259326,-0.0884693329197652,-0.717504621148718,0.589476636925593,-0.465223410041141,-0.950375284238614,-1.29841462954664,0.967939586978394,0
-0.619880072142202,1.47014012087085,-1.21835227110609,-0.602519482087075,0.219003038134643,-0.475627612157199,-0.549009985468675,-0.560098116064953,0.652902564076308,0.610090603134668,1.68814374786963,-0.786907495819723,1
-1.80825865592682,-0.903964104545196,0.609264189773907,-1.28703240169095,0.0168408753644283,-0.928067297171288,-1.02940621986163,0.409162133207758,0.728502220538055,0.220082375090382,-0.993258156230558,-0.781742654740773,17
-0.797137156397299,1.85167734201712,-0.0207341288076458,-1.90438239027446,-0.651810295508182,0.423469149787578,-0.286307746558672,-2.19642420977396,0.365852435536886,-0.0982864909711561,1.02498231849236,0.0500614354868232,15
-0.28657769824036,0.346021159566889,-1.39139191927022,-1.61117957556589,-0.232771216441833,-0.476171590948768,-0.710241592348999,-0.145132050013555,-0.787107433788715,-0.796857024426861,-0.626276188297203,-0.382000735710335,4
1.78513562501339,1.46144915919837,-0.315629886960383,0.432945580858295,-1.02541556030507,-1.22259196796807,-0.655769296977215,-0.546602867500704,-0.262218984132864,-0.139084066038368,0.590023148017746,-0.396744949410739,10
0.681130091073586,0.709417576445121,-0.373318359380828,0.453347517144145,-0.151384570009812,0.233626174063409,-0.197205526674242,0.340125482160481,0.0296312334679306,-0.987672123758398,0.785941638133725,0.564629784573201,11
-0.6464561168987,1.19375516466078,2.57489825380839,-1.91732838823295,-2.41559421955429,0.803953915752559,-0.0353098013112365,-0.518257147935859,0.939226189641339,0.251156624721322,0.384333151450429,-1.10493673700496,7
0.179434684234066,0.531634593052088,-1.22117395849389,-0.874885624772241,0.53609730502293,-0.21828279597304,0.644948093946725,0.0908189422299798,0.142209086081367,-0.161763621315217,0.449272622916983,1.30431158760855,17
0.05729858704363,-1.18733228054034,-0.298370105045995,1.57958413066854,1.31455499189071,-0.570263182187306,-0.157099284310183,-0.551202376595259,0.487852046300976,-1.23733346955658,1.09122933482644,-0.22388531885809,20
0.335210329222003,1.24771698734351,-0.48909449017888,0.635914239538288,-0.311080765461415,-0.564933949068783,1.02336403347425,-0.741788416169037,0.886408489680431,0.340556318381689,0.867948299149302,0.878799434293008,11
1.00228248505108,0.490261159362057,-0.0534516853412294,-0.663250622964519,-0.178712981748112,-0.945359269845366,0.887212551214371,0.77279973140569,0.110621354736251,0.152172245764033,-0.679324209425603,-1.20298092542707,18
0.828461112857084,2.00872387196647,-2.0530545363256,0.55754181122852,0.0369380474598408,-0.692752829243734,-0.402155149873619,0.535964712697912,0.557395730871315,0.509885114704869,-1.04562305615799,-0.627701765223037,3
-0.957593520118212,-0.448177449865177,-0.749251002656337,-0.415821348997774,0.153549484283719,-0.18098231035838,0.0165430772709231,-0.0707211900206903,-0.373882972092872,-0.308163831872272,-0.924251305460577,-0.235295442455544,11
-0.299482188060617,0.14253936374336,1.02786877541733,-2.53816044417713,0.896769285289653,-0.763212784532425,0.0344260206401923,-0.927116464332012,-0.415762276503712,0.890512100285089,0.103323170444643,-1.13137869975037,19
-1.21303722084112,0.690970572219963,0.479617792242413,0.675076723344348,-0.561440067250461,0.950752793655561,0.905187068271875,-0.0151335096188492,0.183138997225016,-0.0302810124617383,-0.119509914194726,-0.0471806737517797,16
-0.798988338206324,1.70528482034242,0.020390799353963,-1.20653062083065,0.217750143229012,0.74866508255654,0.771322485670638,-1.10407369023366,0.0384879782201736,0.947481201089763,0.878995799783725,0.33779776626886,7
-0.0730004768070941,1.06373754857573,0.949260342682713,0.526523235196277,0.734368590663645,-0.770051105457428,0.0198874977792332,-0.690620509034864,-0.105516214472339,-1.05668689625872,-0.181362341742773,-0.0276720165327012,0
-0.419992259042616,0.716151042022939,-1.85026125997132,-0.23890911518369,-0.364948983677481,0.0365533058720406,0.458405253891052,0.183981863232129,0.150754942989707,-0.566838643989837,-0.756945378369561,-0.118800736474012,2
-0.246764494595239,0.394886319065888,-0.667180872659744,-0.929111521619063,0.160580750502956,-0.212342781153722,0.241193241904905,1.28325629736454,-0.506251612023598,-0.512969539408329,0.166920873713753,0.7538038309796,7
1.48016257153243,-1.98297322293275,-0.305974722925455,-0.578180810683168,0.65734383322732,-0.592537404500057,0.574686913292184,-1.24128027021475,-0.524211248248946,0.154635102673477,-0.323439745225554,-0.165842097015441,1
-0.200346964672411,0.757797905551211,-0.208038511220271,1.77192103751334,0.236276100502443,-1.40436162069338,-0.371825783399718,-0.33229180077645,-0.244590176376934,-1.15606480058962,0.0578719974907834,-0.494815494429105,18
1.38485352364626,1.88432832824845,0.0104591704093341,1.28689291669379,0.342532859588619,0.4026613191049,0.702298844031463,0.86736970624997,-0.977893580158428,-1.81208318373438,0.30749199890687,0.215467472728423,6
-0.431413867266911,0.435668503894522,-1.47877982436162,0.968663944631481,0.0747051717842934,-0.722622570362177,0.62131103724519,0.30832141852143,-0.641465021745338,-0.10163540014455,-0.625709454258504,1.0651506997107,20
0.547194342905978,1.05164308601805,-0.962003960715097,-0.929823075568764,0.850196548024176,0.333156245942584,0.0638139846054308,-0.956380539020802,-0.15627627173599,0.278296451232521,-0.0946172252418734,-0.0356996580458157,13
0.416685843378292,1.48923922690623,2.38703671778035,-0.129552647043196,-1.13411705787276,-0.0985964980729308,0.298117161566784,-1.67338791715049,-0.885647631314281,-0.678953789305437,-1.51474592214944,-0.105600970258133,0
-2.05018952491019,1.04035791659961,-0.342026772578756,-0.300677990107455,1.00211366992444,-0.878969324182024,0.126569723966329,0.0658502369642678,1.0151506640973,0.102704726283209,0.57067303164575,-0.609656394735206,19
0.674516432231347,1.10391688058519,-0.173425080158834,-0.262492203552871,0.000895601248611036,-0.931701528702456,0.436295533704905,-0.181722864368244,1.12082031886443,0.649885072542857,-0.184540894450836,0.451134471770139,14
1.483867098127,1.45131905186536,-0.753113148997277,1.14246388436358,0.69072216672787,-0.108475049132394,-0.00456186035036118,1.52293971399113,0.581115857491373,0.33846594742052,-0.693821467748652,-0.216217584648145,14
-2.28655327630654,-0.0476883833708726,0.577710651755371,-0.240527556769973,-0.772234188533945,-0.324630391162016,0.704294945934294,0.38776512337018,-0.710624104592542,0.882561403846814,-0.184104452913007,0.174239460491264,0
1.32401997040995,-1.47990408549426,1.28945092764041,-0.390987333051049,-1.18938445957683,1.35570251635097,-0.277087580403348,0.0854626273298056,0.380528148335907,-1.14533075569703,-0.0995492988730584,0.0519574412562518,8
0.0115449869771309,1.30692367395156,-0.408624273288875,-0.808267755470873,-0.484608100332603,-0.407606097071444,-0.244571397325827,-0.540747885886031,0.437939417063664,0.147491452262291,-0.338751810782481,1.20477263669015,19
0.876720522656969,0.0270165418406096,0.258067907443449,1.54570691119336,1.04405557794834,-0.683142050173439,-0.649582659487408,-0.830929050144578,0.428133174885254,0.620500702705897,-0.25610425578769,-0.536788612422052,6
-1.54549441090654,0.502661189426405,-0.204211703063652,-1.68022836627338,0.0827617835200517,0.0584612240133765,-0.515293563047803,0.386013858210628,-0.66509270213528,1.22660848233259,-0.911081694734999,-0.876869162867393,7
0.553194199502825,0.322390770847906,0.975719566667537,0.770603329860997,0.976931482074746,-0.744754765571928,-0.60856312448321,-0.713958052161606,0.568835449607744,0.117979333193706,-1.2770742335826,0.460160447035346,20
-0.140306074635514,-0.0762363512889227,-0.0573667842527087,-0.307200462019217,-1.0170787649723,0.10716831581522,1.45083329427617,0.575575916191062,0.154078905517733,0.847590442318889,0.109245112017747,-0.277480570329212,1
0.0909700766030901,2.12783652888122,0.417506112276819,-0.745680377004562,-0.163490582891364,-1.41061165159026,-0.791290805283119,-0.491981097437528,0.324591737451156,-0.537830921963479,-0.128977977427734,0.8485916598436,9
-1.22657612287035,-0.556308606161114,0.133508877431347,-0.178969563482647,0.431962544569701,-0.805315286027309,-0.419567018631551,-0.779476554205906,0.502718217692838,0.782979936593237,-0.0320621550685806,-0.950982871917551,2
0.381645326335578,-0.653060646454543,0.767503961871248,0.271769170629973,-0.166088337279881,0.901045451147793,0.188007283744963,-0.757935274754876,-0.663133755694204,-0.431350199779476,0.430097403108932,-0.284887624273162,17
-0.855819916046522,-0.822567845194048,0.217975973816251,0.715218207444557,-0.928853138949793,0.430319654059139,0.0789757298371125,-1.51748283731333,0.178849227081203,-0.463753384422759,-0.682084835011325,0.407437298582834,19
0.568229390804684,-0.0213156323607137,-0.52448150719168,-1.16360645553675,0.0510751523157246,-0.611941489058787,0.00648016463949204,0.111773955092454,0.52051216586093,-0.292859766456905,1.23952731078252,0.434207732007833,16
0.252051399790246,1.65426946482086,0.523069749272678,1.04091931207949,-0.087420981508714,1.15670011442945,-1.03224964358227,-0.869010906069158,-0.362772806700253,0.573274544802438,0.195092178759646,-0.45112966597122,9
-0.737041324377589,0.735028953618387,0.864090474376698,0.886207769154299,1.25349175668781,0.569967484134,0.18949034566182,-0.597929290279852,1.09117814684561,-0.424377070891474,-1.08396038669805,0.0380457821670133,3
-1.42953998699901,0.727057809173287,0.469281253044109,-0.6795127638603,-0.11383210026078,-0.266637680838829,0.765960543671013,-0.323613343589975,-0.469338720342607,0.639362811013181,0.548426584366223,-0.267691756926419,7
-1.11680574210477,1.24027600236114,-0.721818139669119,0.52901039629025,-0.157571347205499,-1.24119046598711,0.202580675269692,0.951785891216821,-0.726617679748759,0.163888387087147,-0.472743555153819,-1.25424309038214,3
-0.59996520339933,-0.375700500547188,-0.326708110185283,-0.418253942227815,-1.24949373490863,-0.437656722500226,0.0487463362046796,0.250993261206679,0.223117848240793,0.213360835401623,0.700115072366171,-0.242776989985158,20
0.633816413158232,1.22022507626013,0.237245574624926,1.3171728978229,0.0143864736873482,0.366449520081119,-0.367973255447102,0.136937950816396,-1.05021817777732,-1.39120184536328,-0.296832557333069,0.32252169803314,4
-0.747273098640653,0.504660745431652,-1.82611821286492,0.353232345801641,-1.36569613387255,0.29512233271263,0.515904023608655,-0.183315397304367,-0.531604695367703,0.683664282825749,0.412037490970011,0.857327499503412,14
-0.457746130480413,-0.806793040239796,0.371154665407122,0.0284187047237474,0.710887995382757,-0.228499423468503,0.989175295056306,0.267781178000878,0.0916861887351589,0.988530312027146,-0.31434167048688,0.0826424403008146,13
0.0153263097903114,0.378076956331454,0.752065448941635,-0.728317276357553,-0.516134919625694,0.245454680309722,0.319043991001595,-0.0701162560422858,-1.10695853372475,0.975406127457856,0.0547608125907395,-0.25934492233108,10
0.518245646434581,1.90176350093282,1.59371258644879,-0.007322078861947,-0.911492732162097,0.302867999087589,0.125860278710117,-1.28951466036359,0.551206689215202,0.217920019330757,0.1183119954081,0.894587926981379,0
-0.0238383494238046,-0.0013636632839391,0.340406528856,0.800188909215446,0.199926897320137,-0.711812798908767,-0.033377058424856,-1.29604254118245,0.729358725467589,0.0713825452077552,0.48021822639055,-0.591239702125812,10
0.311913759580204,-0.0348272122309741,1.21942652787778,-0.398253641915298,0.616740278287441,0.472691182098835,1.29772337126121,-0.11639091404861,1.7695978268211,-0.382542519934517,0.688346943808773,0.12138240277967,2
-1.59001666888964,0.243978358949768,-1.95542149174041,0.896526122804989,-0.182805220553653,0.290119026106411,-0.412947934699227,0.55867114800745,-2.23486102646152,0.933522395380021,0.208720518383171,0.0367978616602552,14
-0.996318902886063,-0.819074498500827,-1.05101086749275,-0.980815184417925,0.146705209695601,0.0594688332905744,1.23692568390581,1.12575773119504,0.639801054393554,-0.0933875076346353,-0.599752886609717,0.240731078278188,19
0.366181474020855,0.817967959306276,1.1841753540973,1.15413140078512,-0.267893360032007,0.646325709496699,-0.233522766515285,-0.109908280773103,-0.845084658234176,-1.21383773577217,-0.979649849281834,0.526575206833185,16
-0.107926310436348,0.566345980314411,0.224010775234156,-0.663610406952812,0.135510668594638,-0.412737177657512,-0.180055254948596,0.196210739525694,-0.0900420305636979,0.0120904035726291,0.27251061133436,-0.94943345956479,4
1.62099333130065,0.636714736550537,-1.15540769875546,1.39775303635045,0.843017025327131,-0.349209326196108,-0.50747554115821,-1.29168174407663,0.511133014851095,-0.221097213293036,0.920629864211126,-0.706986053102526,6
-0.0597098669567435,1.1130663520482,-0.350821676602235,0.184983896623196,-0.814686880188969,-0.037542674192501,-0.39313000788948,-0.910745576255127,0.196303669146499,0.205992229834987,0.313340218398447,0.860977097884098,11
0.239980260617836,0.392321652813831,0.513921974921858,2.00713145864947,0.936034903853662,0.178787905350503,0.0871163355692027,-0.316749461522738,-1.20314737503877,0.722006814773528,-0.260211027238726,0.7539872886905,2
-1.1544211968853,1.03847077640469,-0.508983972968399,-1.45634273763883,1.17209794223903,-1.13622446453426,0.933149848704277,-0.584711723734161,0.197785504230221,0.380838923186671,0.588460207949172,0.624731723994495,9
-0.138247124589234,-0.545697552939592,-0.72748850929224,0.207881422926225,-0.954326714743026,0.216777342321675,0.867906628351217,0.519313942517839,0.298312423775529,0.591915636429831,0.0197988359110701,-0.726539530970422,6
0.825348675153571,-0.55496022188491,1.63907983854882,0.867036864500343,0.00439671306727161,0.559660952629878,0.257221927587747,-0.255907409156547,0.355747337903288,0.896157220771209,1.53877554968756,-0.0209953006614158,7
0.4529980798615,-0.0173114264409361,0.388324798588521,-1.61847482783799,-0.303095076077017,0.225572822277873,0.0111567444226722,-0.0651450905325122,-0.669876379690963,1.28368408857185,-0.219159576957143,0.669831233449942,6
-0.115050918843948,-0.204334822953023,0.953475450117901,-0.274994505318667,-0.855405370077249,0.782534058320219,0.344620546876837,-0.541650924508178,-0.737450031835726,-0.952439975130388,-0.0479961011851981,0.959322659711926,19
-2.56110349052038,1.98213772851724,-1.55559353017239,0.227569838297829,-1.66841506141732,-0.768284362366028,1.40008503627693,-2.47908926648728,0.310903446688615,-0.927180108754279,0.0546905096247045,-0.0667419815288554,7
-0.0112477392324254,0.755620544036452,-0.0105173667689225,0.379349665819419,0.331538204144166,0.207847956802221,0.339048921790196,-0.532267570321828,-0.0749868178085251,0.327531383282174,-0.301126245330694,0.47337052569129,18
-0.704258953121299,1.20038590213437,0.210263576271485,0.151785144742625,0.212731577815524,-0.375367748611777,0.141381273444261,0.623662468030101,-0.773085495333752,0.0461564734378439,-0.340825104313902,0.471492744382241,13
-0.731603718140879,-1.13165091437435,-0.31830396829628,0.863481369504432,-0.128380864510591,1.42332371173877,0.0282562107962725,0.414713629307615,-0.28053679265486,-0.140321078457733,0.382631721715648,-0.329098293503803,5
-0.636000729050186,0.59745235187344,2.11850509222294,-0.488601735784495,-0.0994103561220196,0.392619159235646,0.453087831909985,0.378742117760714,-1.23962643098977,-0.00481065867988578,-0.0771803921140843,0.337845322852699,3
-1.01677426365306,-0.190075371517786,1.42256562943494,0.635931926701668,1.22722364408578,0.0979778597750131,0.565780433209608,0.388155898378194,0.110204422489867,-0.0739240148952318,-0.33238352306636,-0.319336585066279,19
-0.908475278164842,-0.274189076988091,0.0325705980398165,0.157637256223009,-0.0135023717760491,0.135988471450272,0.62672341832198,0.562339866157433,-0.638850572195443,-0.324309733085076,0.111273302892267,-0.213646768789148,17
1.57215815594621,-0.178949477521392,-0.729460500989696,-0.685217106787138,-0.842057969319948,-0.971161729960165,-0.693482927526973,0.653482106060057,-0.71007624606621,0.572865705006683,-0.0861431514843094,-0.212613946377982,14
-1.68366248899297,0.689589668868985,1.62251619700722,-2.69801880048704,0.706710628408574,-1.20747160783985,-1.43968806801831,0.728488598805255,0.0751719619445435,0.738463285527867,0.602810753541302,-0.589411645253786,11
-0.0713302126314114,-0.230555686921085,1.03100647037918,-1.979475017753,0.715346755642769,-1.80174675679353,-0.346712015776413,-0.199254399559489,-1.00925138448334,1.41417418721277,-0.103121171025132,0.694710289477212,16
0.00181351608661712,-0.186220344482681,-1.49828043347682,-0.629422297200003,-0.847387599171485,1.23488199310455,0.0245477511011873,-0.782618709026777,-0.653727756977631,0.520880912555744,-0.0483466997811348,1.65687072646387,4
-0.662172237863507,1.22058997275887,1.89608719649817,0.325771330822226,-1.05370680145785,1.12592830190259,0.658014157676326,0.165685324263932,0.354094989526571,0.81736847720188,-0.901955518468608,-0.285448791841082,11
0.359276621441968,-1.66382038275256,-1.10565822733501,1.01818930436104,-0.189680454295808,-0.362462283219213,-1.37262755732624,1.38629035673306,-0.623588062200094,0.351918363685474,-0.0953673477702725,0.704952812823946,18
1.14998269037438,-1.08206948682161,0.469007728063098,0.286299321360353,-0.953079586662185,1.95364999198204,1.33427725522418,0.681386468252629,0.37650610259465,1.25227918669928,0.196940167649417,-0.722279031926406,6
0.379912893781138,-1.23926393197912,-0.442192915140319,1.77533519866033,-0.514752335091543,0.844151351284091,0.66747494904323,-0.938663371319813,-0.081165636806919,0.459223978542236,-0.682148488267886,0.321520690287469,3
1.54543938900693,-0.565623705700656,-0.788917593781712,1.67270360427941,1.1000718631611,-0.948954407610457,0.33854361967228,0.876112962909389,0.617015597993947,0.703893855401101,-0.0611532405933265,0.0217926360366187,0
2.07252062093282,0.0459021962407118,1.12161818628397,0.654648908078709,0.541860516511563,-0.0312151392486105,-0.0143145342664632,0.199394933459461,-0.445620115268,-0.0962113531913379,-1.1350712458834,0.289271019835625,0
-0.748055318133171,1.4090131805835,0.511895866066746,0.602131570226293,-0.382962770901488,1.02074835446059,-0.133924709357842,1.16149651858699,0.359503417335223,-0.000492906911708917,0.0637343985380817,-0.629594517343428,1
-0.0389759338050998,0.23771339429541,0.642680965448432,0.511178835086349,0.702066648464108,0.192192511807402,-0.764285792811529,-0.381458840919701,0.415357966110563,-0.246539146450201,0.219805891472437,-0.302922496543492,15
0.589324881151111,-0.463695131489576,-1.69283850627549,-0.227761904061828,-0.309339217955687,-0.243609032121188,-0.366166292649025,-0.366730391579598,-0.898317233537937,-0.483880779365082,-0.720209012409173,0.79004810974504,14
-0.0320614139467513,0.371370491160396,-1.42919915840699,0.0523090236140728,-1.80048874575761,-0.108717303687257,0.841793366943823,0.289406181286641,-0.281034876826552,0.0596690293976703,-0.651705212352909,-0.124257950579617,10
-1.2947641248767,0.219285705107394,-1.93457720459243,-0.183716245992276,-0.193762722808868,0.045497999311968,1.34873618211128,-0.103300825827765,-0.75478789351597,-0.128906253178693,0.603790998094231,-0.0149076452031145,8
-0.962705477507048,0.092780150069948,0.554875181504143,-2.5735573032323,0.729466780229206,-0.889690314450285,-0.797239381508105,1.55869896880403,0.360370240185622,0.0639967324406049,-0.504408464836688,-0.330668243922967,5
0.618201773649367,1.39330696614917,-0.446698240771532,-1.08610926830575,0.073076624592617,-0.0638654120759951,0.495377623486447,1.35782146032478,0.245006439224883,0.124607497862058,0.294156641070584,0.132054470225695,14
1.23097828297325,-0.184448525658588,-0.0337115571579212,-0.619814412368963,0.479309211487883,0.300689683022508,-0.766595136239844,-0.114937633894262,-0.103011789415581,-1.04374131470139,0.00351671657597757,-0.18247161572035,1
-0.842711965400672,-0.345701602023393,0.424116439585913,0.972361062968452,-0.683202386527515,-0.562886194459981,-0.12428547203706,-0.270449525839594,0.0208052179157683,-0.346066176520659,0.00284836253892003,0.438262150682394,10
-2.69051914221656,-0.66089940161027,1.48649746495403,-0.212981187140038,0.433966597625721,0.418328055386337,0.544075489006786,0.0878294946756379,-1.17682754281611,-0.080525292853294,-1.52444204198787,-0.276269579162617,8
0.159991449679632,-0.0509760119521855,-0.15259636422429,0.516310507070669,-0.467028581135248,-0.0451670100602073,0.405075947029265,0.984516880706183,-0.0697104894949029,-0.276351195056958,-0.45132766949311,0.565712817347716,11
0.929467072943306,0.618339419250008,0.449605189242073,0.469476412965196,0.276655661649605,0.00576786837248715,-0.162113089837192,0.869901894774818,1.14140861941072,-0.0864876523533418,-0.139170631345555,0.111988133037017,14
0.65073306410136,0.109135748496571,-0.827093206492335,-0.0466239497104032,1.37123616246649,0.768481344821033,-0.785159938074336,0.199480398792778,-0.700163774763479,0.465148576948348,-0.115986198205155,-0.536100692017973,8
1.13836721177721,0.663611611090127,0.823588965415818,0.293139068988972,0.450928591840067,-0.366903785753674,-0.159031306896526,-0.218985526076813,0.573034865707389,0.17095416262625,-0.0580859198297373,-1.46536441225574,1
1.27556407840102,-0.302181942870211,-0.140218407404435,-0.0665894043502106,0.752676266477255,-0.396997836028988,-0.332301579776748,0.248818652751932,-0.493115241363715,-0.0570224617498446,-0.236994725069424,-0.383103287808429,9
-1.02316858599455,-0.395852581862869,-1.0153283913723,0.103106040210155,0.296257618876813,0.0230857413921757,-0.338454758856604,0.356949925823446,0.0790785480505833,0.133860968896175,1.48032238881585,0.0966013631380866,7
-1.35538643178498,0.413035564074504,0.715467509877495,-1.25202272067364,-1.03071158430598,0.781232937551939,0.73488020196525,-0.168213054663358,0.373527200920153,-0.807836623644578,-0.314253875672404,0.369166502801616,19
-0.916241339305846,-0.963633790634587,-0.865606960824209,-1.31589129869037,1.18217426640943,0.631304388990675,0.136022327971236,0.91965662256621,0.00374189728434638,-1.04107982601605,-0.103424615787906,1.20328936949684,19
-0.115203844978062,-0.486313281669022,0.490290316375978,0.730683331524737,-0.327703410397167,-0.0383416701339076,0.0839681738975061,-0.271943753915998,0.510997990888458,-0.387947032150468,-0.814731315578392,-0.685972754598905,6
0.64539003648566,0.256413876559039,0.954839447867314,-0.243836850052607,0.154157142636078,-0.666716293411922,-0.83311529490203,0.394191917568397,0.280337678451636,0.0816158108047352,-0.141587368541457,0.966200395678756,12
0.534517047135102,0.480644547885009,-1.00799084168453,0.260535451049968,0.129470088634262,-0.617980824428221,0.287863340023473,-0.0689220629142281,0.551576759976116,0.320224827450303,0.315760674866475,-0.436312988666272,10
0.966055966127215,-0.486625823102343,0.0376231224574132,0.752214144588588,-0.512229715510416,-0.0601409470465998,-0.277886421028455,0.839428056147573,-0.343850290149391,-0.0725919937065647,-0.362418483711226,0.100238407706972,1
0.0822935214408415,-0.800706915965388,-0.691005436108402,0.380983234817009,-0.182110486718272,-0.799152543703982,-0.639099657153566,-0.369331480716581,-0.96354274567169,-0.667891756742308,0.939969400650497,-0.173490831755555,18
-1.51798600084568,-0.44635317395268,0.425891284541968,-0.96349093068396,1.03169356070851,0.129973540836158,0.0852471406215315,0.257625047041402,0.28460878800933,0.67774755956268,0.028080062533351,-0.65269143663731,6
-0.465481880735732,-0.785973939813156,-0.806465777734595,-0.661108123189475,0.222019288169291,1.01363620066156,0.567701487287033,0.852509476436238,1.10975986891311,0.943133589066835,0.236945895051012,-0.116406254957111,16
-0.200461271124266,0.282462680934484,1.0556922301885,2.19956508527397,-0.263249948959912,-0.541730370767025,-0.91155221668809,-0.87130906943944,-0.27436606398054,1.59135772598575,0.685410005689699,0.0634658825340326,11
0.408754248522223,-0.161615745661789,0.532768707046982,-0.960522178821735,0.187153746637192,-0.818137079170257,-0.36318022672727,1.15561698101733,-0.383675008206371,-0.419197733201355,0.200903924639249,-0.222205721195737,17
0.483725679475607,0.694100206374195,0.00155650710437093,-0.0173102066888066,-0.302862124362821,-1.20609179644691,0.560888581098258,0.106389606187737,-0.178954690856944,0.394712757783021,-0.00859167227176054,-1.03278942945099,15
-0.507638034217538,0.419321925740121,0.837335790554705,-1.31543442499248,1.04678348380526,0.55873245607363,-0.313975116966103,-1.10738157408316,-0.501080560090777,0.00566203692538077,1.18960904512158,-0.691491134776233,4
3.00214078252689,2.18276655715871,-0.132365783688029,0.885047417373861,2.57275348978123,1.29228313648134,0.320627185354526,0.385996333924614,0.590427080871806,1.4938852970292,-1.77183647002319,-0.589349819855682,15
-0.230695240305487,-0.178212010683781,0.382872975371188,-1.38122090852359,-0.780948768236198,0.67345912239047,-0.244475350338355,0.144696016542779,0.000909552903279739,-0.913900808382056,0.253657714041343,0.0888766903066443,16
0.109413480022705,-1.61705425155033,0.378583667369821,2.05456073867965,0.264108009376752,0.810711456869518,-0.620805706552569,1.5057381943353,0.182551555987405,-0.193306481390894,-0.625130427993465,-0.289599116776031,7
-0.72503661786074,1.02861821142609,-0.28009014994434,-0.279724209244394,0.644449413148703,-0.749533586162685,-0.116228523643085,0.468904538440268,0.116610356941143,0.278506602547608,0.364662453770479,-0.464407504261268,8
1.9651394082307,3.11849887601332,2.65010918266807,-1.11051284635265,0.421332352075214,-1.50680716403502,-0.210387190497323,1.24686008035181,-1.99145428490575,-0.210158399534428,1.10413031670974,0.926689376191146,9
-1.00916133923266,-0.533753012987986,0.485097802570747,0.725723945777848,0.0746734753541712,0.999489853156344,0.657112622931442,0.610628592201826,0.15154037675294,-0.203067056831246,-0.341817705646315,-0.610072973841436,0
-1.49459069283619,0.865746754729336,-0.454030350377712,0.107955982005537,1.00406298539671,-0.391678826768456,0.261424720484451,0.201799077053545,0.945122540168049,-0.153499730258864,-0.494659947634309,0.456856537773113,20
0.698212288671843,-0.0156519373083297,0.416594974027311,-0.756926040191004,0.139865127558383,-0.238708209865692,0.0171024552651893,0.77660108683807,-0.209183954014021,0.0993411274110791,0.6253008367145,-0.238821128838432,20
-1.82822771924466,-0.0965198992338697,-2.24998742056198,0.0202792410721774,0.38317062934849,1.13572660616782,1.75735727169507,-0.211627732033215,1.20716761301763,0.212532235529492,0.639555485560604,0.968166927753092,19
1.46195520941323,-1.31272312741649,1.06690670433499,0.14279064424645,-0.5694287896977,1.01816652643355,-1.6262967463199,-0.143358831043821,-0.305597942307873,1.04418680690127,-0.233818248931178,0.0518258242384563,16
-1.98848248914371,0.205633547251568,0.190701004328554,0.0433390010328552,-0.923242786175254,-0.646212160507656,-0.836305349020114,0.711617742072889,0.908557085277511,-0.373477675675522,0.686939720264647,0.408762914823811,10
0.709989766209652,1.3205791243584,1.51277083092439,-0.474862668240495,0.633188366018875,0.500553014204121,1.35073607400597,1.13697818008207,-0.101269964825033,-1.23098083222719,-0.107192040352796,0.0894238956643834,0
-1.43279268934364,-0.327099389817134,0.335307921668497,0.436555621347813,-0.948173439780356,-0.501222055001316,0.0961788984953391,0.712180007109567,0.357691273573099,1.11229277982251,0.969854261671041,-0.56244145040203,12
-0.880198018002561,-0.131903510245731,1.95782471451635,-1.30245099781154,-0.393682239683988,-0.646293400933275,-0.897298308171771,0.670461865912345,-0.648466135289813,-0.427087015625015,-1.94583250120026,0.221170637084674,2
0.595577825903309,0.110060823888346,-0.390880614878245,0.57075184300758,0.0934512957620832,0.236326140174149,-1.23952799868599,-0.296737171927468,-0.500547054320594,-0.435397950853361,0.0348516864847099,-0.618694058493246,5
2.10059502671626,-0.928229558584771,-0.607711036763429,1.98707143016605,-0.707772551210888,1.14785868144659,-0.976110249175396,0.813500951559081,-0.657920867320241,-1.03427664783173,0.281888893447639,-0.309683968055289,5
-0.0894498235299601,1.29198529656523,0.766716294093302,0.120181801406432,-0.0884339824280168,0.0856821109873069,0.668537192537071,-0.974956711286087,-1.00804727631661,0.0356036737813976,0.196151454937569,-0.838131783426328,16
0.929884908106553,1.10259480834177,0.247532610744108,-1.22071189685886,0.295064548399716,1.62838428544551,-0.557021534218495,-0.871385577152543,1.55913678785868,0.80323263980672,-0.0733530332467686,-0.272527366244884,12
0.96770390216647,0.467046684861055,1.11294474695004,-0.924781740871922,-0.645510095953792,-1.26977694165588,1.26349913903006,-0.0180774317654074,-0.892892406397542,0.408299396441883,-0.29807366114666,0.439170341520216,2
0.149098805658911,0.118544759859986,-2.22914028052779,-1.19547123886749,-0.691486760005885,0.0903433483924475,-0.876024806968638,-0.94141870533388,-1.31144637631537,-0.250965352654634,-0.415807999165355,-0.715195206214063,19
0.103809508485551,-0.0333495078490672,-0.00274613203703827,1.34753850647336,0.0596004748596956,-0.141005118633488,-0.772655491030316,-0.232781100754309,0.432314667232387,-0.286995588206434,-0.920410950730872,0.0924339739849913,0
-0.0735649537841542,-0.475550684116731,1.48791624766897,0.211647105993014,-0.755546558776502,0.458823385724006,-0.348085965903278,-0.0702535151222648,0.394341796630698,-0.192423551143111,-0.512804888277965,-0.906601928558608,13
0.648659934829767,0.134719590118701,-1.18099619900876,-0.467695496321149,0.30468931407509,0.817765977703033,0.731435761772692,0.101196708640021,0.225869838820046,0.0509645594636361,0.94726838800603,-0.579458679066471,12
0.534532115429231,-0.185707345959143,0.377532725955279,-0.440992749884677,0.613470889594901,-0.453999670472307,0.50954567196748,-0.0130108419265607,-0.15696587118288,0.0511605258074334,0.419420058043038,-0.0420309713093092,3
-0.944163035537437,0.194982933740625,-0.114735001029556,-0.68907008511071,-1.12093507484653,0.236546938914587,0.316107510953732,-0.331895354278961,0.707047417914191,-0.746264743361927,0.247479236821065,-1.42665112872752,0
1.28689934283833,0.110376048670353,1.46192498753355,-0.86726162064936,-0.568619601140569,0.227824002494597,-0.69794437077243,0.907354561059536,-0.722239297822593,-0.125812511589294,0.565877505105309,-0.617115133727771,10
-0.843473041889511,0.152530346840955,-1.55918256346308,0.40818377186982,-0.147109623464823,-0.00586089456036973,-0.446836987340838,0.170449505271194,0.255315141069419,-0.257474640387922,1.41156538302551,-0.188494302908663,20
0.98876203806774,1.80134633573161,0.0403586647398159,-1.28458546115885,-0.875163621954973,-1.10447658009496,-0.390817695634064,-0.15993037559385,-0.322148854483399,-0.261757675900359,-0.17235908951094,1.21902644605314,16
-0.00274449035842198,-1.40159957926993,-0.930764882893751,0.471319545642,-0.809789727772487,-0.031633127550036,0.188938035029069,1.54591919752104,0.985366835814539,-0.146441511133109,-0.344975636444146,0.827462175118039,16
0.974947317469041,1.81517234348215,-1.05203116514084,0.423494861689757,-0.827056691330679,0.614970819861544,-0.255045835764608,0.944412097274493,-0.18663784532475,-0.576799568041904,-0.50684860911417,-1.65101390379738,16
1.88080833542772,0.184117475282658,0.578039598955752,0.261533146495477,1.24374693917688,0.383423195454298,-0.0230089780702086,0.0497954512404462,0.567196402589631,-0.358283925945741,-1.76577224970788,0.0568709747328262,3
-0.0802897609892517,-2.07329187711407,0.657358246035861,0.675545257218718,0.0730173992714283,-0.702232110392132,0.081971658493451,0.28914769098774,0.452097641086063,-1.09914165138661,-0.600812679060334,-1.25283049058982,9
1.53504043745174,-0.773332365664655,-0.166936329290148,-0.203660253496733,-0.107137933156835,0.0623946942063186,1.03929028336373,-0.538380258211639,-0.973417752992595,-0.625597649496283,0.845364399990366,-0.0723756573706628,5
1.96060265383149,-1.0061372202837,-0.606141805576448,2.34357473853161,0.195639666216183,-1.65073988011418,0.829602640662113,-0.746398320134205,1.19723576896216,-1.52279114650558,-0.172681689025505,0.670777140999388,3
0.00462363123690393,-0.66031796262157,1.35840350574032,0.634029183338306,-0.740948307254924,-1.50266050652344,0.178093653623781,-0.121783904220994,1.12998672097776,-0.0961361120869367,0.0430376878654462,0.641562331354255,10
-0.336773701748596,-0.112235929408682,0.0570369277451526,1.39503965188206,-0.681555189878838,0.254202720115179,1.10405751778607,-1.19045911333343,-0.728621507194377,-0.20485822765814,0.523807445791843,-0.95660318789292,18
0.962220849438383,-1.32726487920898,0.37729328265636,-0.918210726671957,-0.12707189991371,-0.220805471572374,-0.907799131790445,0.615263063005184,-0.378431242479286,0.24242754666883,0.0759573056284589,-0.857676047912046,6
0.557382998961286,1.22679796912426,-0.315256112037187,-0.0907056713935703,-0.54047567194664,0.168033784546828,-0.435697246671435,0.973965743046144,-0.33138679721931,-0.178602026753424,-0.952942356073631,-1.05126924063241,14
1.57970774008179,-0.0820785618155528,0.773044661428528,1.53763816277567,0.968853905193603,1.29328541831869,-0.923895149364334,0.426713389246968,0.427697188616966,0.942465858268329,-0.712299537214501,0.275416580569978,16
